"<b> What is the purpose of the `<track>` tag, and when should it be used?</b><br><ul><li>The `<track>` tag is used for specifying subtitles. It is typically applied as a child of the `<audio>` and `<video>` tags.</li><li>The `<track>` tag is used for specifying subtitles. It is typically applied as a child of the `<video>` tag.</li><li>The `<track>` tag is used for specifying subtitles, captions, and other types of time-based text. It is typically applied as a child of the `<video>` tag.</li><li>The `<track>` tag is used for specifying subtitles, captions, and other types of time-based text. It is typically applied as a child of the `<audio>` and `<video>` tag.</li></ul>","The `<track>` tag is used for specifying subtitles, captions, and other types of time-based text. It is typically applied as a child of the `<audio>` and `<video>` tag."
<b> What are the best examples of void elements?</b><br><ul><li>`<link><meta><title>`</li><li>`<br><base><source>`</li><li>`<input><br><p>`</li><li>`<area><embed><strong>`</li></ul>,`<br><base><source>`
"<b> In HTML</b><br><ul><li>`<iframe>, <frame>, and <frameset>`</li><li>`<frame>`</li><li>`<iframe>`</li><li>`<frame> and <frameset>`</li></ul>",`<iframe>`
"<b> Where do `<header>` and `<footer>` tags typically occur?</b><br><ul><li>as children of `<body>, <article>, <aside>, and <section>` tags</li><li>as children of `<body>, <article>, and <section>` tags</li><li>as children of `<body>, <article>, <aside>, <nav>, and <section>` tags</li><li>as children of `<body>, <article>, <table>, and <section>` tags</li></ul>","as children of `<body>, <article>, and <section>` tags"
<b> What is the best way to apply bold styling to text?</b><br><ul><li>`<strong>`</li><li>Use CSS.</li><li>`<bold>`</li><li>`<b>`</li></ul>,`<strong>`
"<b> When is the `<link>` tag used?</b><br><ul><li>when linking style sheets, JavaScript, and icons for mobile apps</li><li>when linking style sheets, favicons, and preloading assets</li><li>when linking one webpage to another</li><li>when linking style sheets, external URLs, and favicons</li></ul>","when linking style sheets, favicons, and preloading assets"
"<b> What should fill the two blanks in the HTML code below?</b><br><br>```html<br><address ______ _____><br><span itemprop=""streetAddress"">6410 Via Real</span><br /><br><span itemprop=""addressLocality"">Carpinteria</span>,<br><span itemprop=""addressRegion"">CA</span><br><span itemprop=""addressCode"">93013</span><br></address><br>```<br><br><ul><li>`itemscope` `itemtype=""http://schema.org/PostalAddress""`</li><li>`itemsref=""http://schema.org/PostalAddress""` `itemid=""address""`</li><li>`itemscope` `itemref=""http://schema.org/PostalAddress""`</li><li>`itemid=""address""` `itemtype=""http://schema.org/PostalAddress""`</li></ul>","`itemscope` `itemtype=""http://schema.org/PostalAddress""`"
"<b> When should you use the `<aside>` element?</b><br><ul><li>when the content can be removed without detracting from the page's message</li><li>for anything you want to move to the side, like a pull quote box, a sidebar, or an image with text wrapping around it</li><li>for anything in parentheses</li><li>for anything in a sidebar</li></ul>",when the content can be removed without detracting from the page's message
"<b> With which tags is the `<source>` element associated?</b><br><ul><li>`<svg>, <picture>, <audio>, and <video>`</li><li>`<picture>, <audio>, and <video>`</li><li>It is interchangeable with the `src` attribute, so any element which uses `src` may use `<source>`</li><li>`<audio> and <video>`</li></ul>","`<picture>, <audio>, and <video>`"
<b> What is NOT a valid attribute for the `<textarea>` element?</b><br><ul><li>readonly</li><li>max</li><li>form</li><li>spellcheck</li></ul>,max
"<b> What is the best way to code the sample shown?</b><br><br><img src=""html-quiz_ss-2""><br><br><ul><li>A```html<br><details><br><summary>Parmesan Deviled Eggs</summary><br><p><br>These delectable little bites are made with organic eggs, fresh Parmesan, and chopped pine nuts.<br></p><br></details><br>```<br></li><li>B```html<br><h4>▸ Parmesan Deviled Eggs</h4><br><p><br>These delectable little bites are made with organic eggs, fresh Parmesan, and chopped pine nuts.<br></p><br>```<br></li><li>C```html<br><details open><br><summary>Parmesan Deviled Eggs</summary><br><p><br>These delectable little bites are made with organic eggs, fresh Parmesan, and chopped pine nuts.<br></p><br></details><br>```<br></li><li>D```html<br><details><br><h4>▸ Parmesan Deviled Eggs</h4><br><p><br>These delectable little bites are made with organic eggs, fresh Parmesan, and chopped pine nuts.<br></p><br></details><br>```<br></li></ul>","C```html<br><details open><br><summary>Parmesan Deviled Eggs</summary><br><p><br>These delectable little bites are made with organic eggs, fresh Parmesan, and chopped pine nuts.<br></p><br></details><br>```<br>"
<b> What is the purpose of the `<samp>` element?</b><br><ul><li>It connects the web browser to a SA-MP server.</li><li>It identifies enclosed text as a sampler or an example.</li><li>It identifies sample output from a computer program.</li><li>It uses a simple application messaging protocol to connect the browser to a texting device.</li></ul>,It identifies sample output from a computer program.
<b> When should you use `<ol>` and `<ul>` elements?</b><br><ul><li>Use `<ul>` when you want a bulleted list and `<ol>` when you want a numbered list.</li><li>Use `<ul>` when you have a list of items in which the order of the items matters. Use `<ol>` when you have a list of items that could go in any order.</li><li>Use `<ol>` when you want a bulleted list and `<ul>` when you want a numbered list.</li><li>Use `<ol>` when you have a list of items in which the order of the items matters. Use `<ul>` when you have a list of items that could go in any order.</li></ul>,Use `<ul>` when you want a bulleted list and `<ol>` when you want a numbered list.
"<b> What is the difference between the post and get methods in a form?</b><br><ul><li>post is used for sending information to the server. get is used for retrieving form information from the server.</li><li>get is used for sending information to the server. post is used for retrieving form information from the server.</li><li>With get, data is included in the form body when send to the server. With post, the data goes through the URL.</li><li>With post, data is included in the form body when send to the server. With get, the data goes through the URL.</li></ul>","With post, data is included in the form body when send to the server. With get, the data goes through the URL."
"<b> What is the difference between the `<div>` and `<span>` tags?</b><br><ul><li>`<div>` is used where a generic block-level tag is needed, while `<span>` is used where a generic inline tag is needed.</li><li>`<div>` is used for major divisions on a page, while `<span>` is used to span across columns.</li><li>`<div>` is the industry-standard default tag, but you could use `<span>` if you prefer.</li><li>`<div>` is used where a generic inline tag is needed, while `<span>` is used where a generic block-level tag is needed.</li></ul>","`<div>` is used where a generic block-level tag is needed, while `<span>` is used where a generic inline tag is needed."
"<b> What should fill the blank in the HTML code below?</b><br><br>```html<br><form method=""post"" action=""mailto:info@linkedin.com"" ____=""text/plain""></form><br>```<br><br><ul><li>enctype</li><li>media</li><li>type</li><li>rel</li></ul>",enctype
"<b> What is the correct markup for `alt` attribute of an image?</b><br><ul><li>A```html<br><img src=""cubism.jpg"" alt=""Version of """"Whistler's Mother"""" in cubist style""><br>```<br></li><li>B```html<br><img src=""cubism.jpg"" alt=""Version of ""Whistler's Mother"" in cubist style""><br>```<br></li><li>C```html<br><img src=""cubism.jpg"" alt='Version of ""Whistler\'s Mother"" in cubist style'><br>```<br></li><li>D```html<br><img src=""cubism.jpg"" alt=""Version of \""Whistler's Mother\"" in cubist style""><br>```<br></li></ul>","C```html<br><img src=""cubism.jpg"" alt='Version of ""Whistler\'s Mother"" in cubist style'><br>```<br>"
"<b> In the code below, what is the purpose of the **id** attribute?</b><br><br>```html<br><p id=""warning"">Be careful when installing this product.</p><br>```<br><br><ul><li>It establishes that id is a unique identifier in the document, used for styling CSS, scripting, and linking within a webpage.</li><li>It establishes that id is a unique identifier in the document, used for styling CSS and with Javascript code.</li><li>It establishes that id may be used for styling CSS several times per page.</li><li>It establishes that id is a unique identifier in the website, used for styling CSS, scripting, and linking within a webpage.</li></ul>","It establishes that id is a unique identifier in the document, used for styling CSS, scripting, and linking within a webpage."
"<b> What is the best semantic markup for the sentence shown?</b><br><br>```<br>On July 21, 1969, Neil Armstrong said, ""One small step for man, one giant leap for mankind.""<br>```<br><br><ul><li>A```html<br><p><br>On <time datetime=""1969-07-21"">July 21, 1969</time>, Neil Armstrong said,<br><q cite=""https://www.hq.nasa.gov/alsj/a11l/a11.html""<br>>One small step for man, one giant leap for mankind.</q<br>><br></p><br>```<br></li><li>B```html<br><p><br>On July 21, 1969, Neil Armstrong said,<br><q cite=""https://www.hq.nasa.gov/alsj/a11l/a11.html""<br>>""One small step for man, one giant leap for mankind.""</q<br>><br></p><br>```<br></li><li>C```html<br><p><br>On July 21, 1969, Neil Armstrong said,<br><q>""One small step for man, one giant leap for mankind.""</q><br></p><br>```<br></li><li>D```html<br><p><br>On <time datetime=""07-21-1969"">July 21, 1969</time>, Neil Armstrong said,<br><q cite=""https://www.hq.nasa.gov/alsj/a11l/a11.html""<br>>One small step for man, one giant leap for mankind.</q<br>><br></p><br>```<br></li></ul>","A```html<br><p><br>On <time datetime=""1969-07-21"">July 21, 1969</time>, Neil Armstrong said,<br><q cite=""https://www.hq.nasa.gov/alsj/a11l/a11.html""<br>>One small step for man, one giant leap for mankind.</q<br>><br></p><br>```<br>"
"<b> What should fill the blank in this HTML code?</b><br><br>```html<br><a href=""https://es.yahoo.com/"" hreflang=""____"" target=""_blank"">Visita Yahoo</a><br>```<br><br><ul><li>es</li><li>es-spanish</li><li>es-es</li><li>spanish</li></ul>",es-es
"<b> Review the text in the red box in the image shown. What is the best way to code this in HTML?</b><br><br><img src=""html-quiz_ss-3""><br><br><ul><li>ordered list</li><li>unordered list inside a nav element</li><li>ordered list inside a nav element</li><li>unordered list</li></ul>",unordered list inside a nav element
"<b> What is the best way to code three choices within a form so that the user can select only one item?</b><br><ul><li>A```html<br><label for=""example"">Make a choice:</label><br><datalist id=""example""><br><option value=""Choice 1""></option><br><option value=""Choice 2""></option><br><option value=""Choice 3""></option><br></datalist><br>```<br></li><li>B```html<br><p>Make a choice:</p><br><input id=""choices"" name=""example"" /><br><datalist value=""choices""><br><option value=""Choice 1""></option><br><option value=""Choice 2""></option><br><option value=""Choice 3""></option><br></datalist><br>```<br></li><li>C```html<br><label for=""example"">Make a choice:</label><br><input list=""example"" id=""choices"" name=""choices"" /><br><datalist id=""choices""><br><option value=""Choice 1"">Choice 1</option><br><option value=""Choice 2"">Choice 2</option><br><option value=""Choice 3"">Choice 3</option><br></datalist><br>```<br></li><li>D```html<br><label for=""example"">Make a choice:</label><br><input list=""choices"" id=""example"" name=""example"" /><br><datalist id=""choices""><br><option value=""Choice 1""></option><br><option value=""Choice 2""></option><br><option value=""Choice 3""></option><br></datalist><br>```<br></li></ul>","D```html<br><label for=""example"">Make a choice:</label><br><input list=""choices"" id=""example"" name=""example"" /><br><datalist id=""choices""><br><option value=""Choice 1""></option><br><option value=""Choice 2""></option><br><option value=""Choice 3""></option><br></datalist><br>```<br>"
<b> How do you confirm that a document is written in HTML</b><br><ul><li>The server wraps the webpage in an HTML5 wrapper.</li><li>Use the `<!DOCTYPE html>` declaration that starts the document.</li><li>The browser receives encoding from the server to display the document with HTML5.</li><li>It is enclosed in a `<html>` tag.</li></ul>,Use the `<!DOCTYPE html>` declaration that starts the document.
"<b> What does the code shown below accomplish?</b><br><br>```html<br><picture><br><source srcset=""image1.jpg"" media=""(min-width: 1000px)"" /><br><source srcset=""image2.jpg"" media=""(min-width: 750px)"" /><br><img src=""image3.jpg"" /><br></picture><br>```<br><br><ul><li>It displays image1.jpg at 1000px and higher, image2.jpg at 750-999px, and image3.jpg at 749px and lower.</li><li>It displays image1.jps at 1000px and higher and image2.jpg at 750-999px, image3.jpg is a default in case `<picture>` is not supported.</li><li>It displays image1.jpg at 1000px and higher and image2.jpg at 750px and higher, image3.jpg is a default in case `<picture>` is not supported.</li><li>It displays image1.jpg, image2.jpg and image3.jpg at 1000px and higher.</li></ul>","It displays image1.jpg at 1000px and higher, image2.jpg at 750-999px, and image3.jpg at 749px and lower.<br><br>[Source: HTML &lt;picture> Tag](https://www.w3schools.com/tags/tag_picture.asp)<br>"
"<b> What code will produce this table?</b><br><br><img src=""html-quiz_ss-4""><br><br><ul><li>A```html<br><table><br><scope cols=""2"" style=""background-color: yellow""><br><tr><br><th>Col 1</th><br><th>Col 2</th><br><th>Col 3</th><br></tr><br><tr><br><td>first</td><br><td>second</td><br><td>third</td><br></tr><br></table><br>```<br></li><li>B```html<br><table><br><colgroup span=""2"" style=""background-color: yellow""><br><tr><br><th>Col 1</th><br><th>Col 2</th><br><th>Col 3</th><br></tr><br><tr><br><td>first</td><br><td>second</td><br><td>third</td><br></tr><br></table><br>```<br></li><li>C```html<br><table><br><group cols=""2"" style=""background-color: yellow""><br><tr scope=""row""><br><th>Col 1</th><br><th>Col 2</th><br><th>Col 3</th><br></tr><br><tr scope=""row""><br><td>first</td><br><td>second</td><br><td>third</td><br></tr><br></table><br>```<br></li><li>D```html<br><table><br><columns colspan=""2"" style=""background-color: yellow""><br><tr><br><th>Col 1</th><br><th>Col 2</th><br><th>Col 3</th><br></tr><br><tr><br><td>first</td><br><td>second</td><br><td>third</td><br></tr><br></table><br>```<br></li></ul>","B```html<br><table><br><colgroup span=""2"" style=""background-color: yellow""><br><tr><br><th>Col 1</th><br><th>Col 2</th><br><th>Col 3</th><br></tr><br><tr><br><td>first</td><br><td>second</td><br><td>third</td><br></tr><br></table><br>```<br>"
<b> What is the `<hr>`tag typically used for? / Alt.: What is the semantic meaning of the `<hr>` tag?</b><br><ul><li>This tag is depreciated (alt.: deprecated) and should not be used.</li><li>It designates a topic shift within a section at the paragraph level.</li><li>It draws a horizontal line.</li><li>It designates a shift of topic at the section level. / Alt.: It designates a separation of sections within an `<article>`.`This is a confusing question and there can be an arguments for both the second and the third options being correct.`<br></li></ul>,"It designates a topic shift within a section at the paragraph level.<br><br>[MDN](https://developer.mozilla.org/en-US/docs/Web/HTML/Element/hr): The HTML `<hr>` element represents a thematic break between paragraph-level elements. Historically, this has been presented as a horizontal rule or line. While it may still be displayed as a horizontal rule in visual browsers, this element is now defined in semantic terms, rather than presentational terms, so if you wish to draw a horizontal line, you should do so using appropriate CSS.<br>"
"<b> What should fill the two blanks in the HTML code below?</b><br><br>```html<br><section itemscope itemtype=""http://schema.org/Restaurant""><br><h1 itemprop=""name"">Nadia's Garden</h1><br><p itemscope ______ ______><br><span itemprop=""ratingValue"">4.5</span> stars - based on<br><span itemprop=""reviewCount"">120</span> reviews<br></p><br></section><br>```<br><br><ul><li>`itemprop=""aggregateRating"" itemref=""http://schema.org/AggregateRating""`</li><li>`itemprop=""aggregateRating"" itemtype=""http://schema.org/AggregateRating""`</li><li>`itemid=""aggregateRating"" itemtype=""http://schema.org/AggregateRating""`</li><li>`itemid=""aggregateRating"" itemref=""http://schema.org/AggregateRating""`</li></ul>","`itemprop=""aggregateRating"" itemtype=""http://schema.org/AggregateRating""`"
"<b> Which HTML snippet links back to the very top of a webpage?</b><br><ul><li>A```html<br><a id=""top""></a><br><!-- placed at the top of the page --><br><a href=""#top"">back to top</a><br>```<br></li><li>B```html<br><a name=""top""></a><br><!-- placed at the top of the page --><br><a href=""#top"">back to top</a><br>```<br></li><li>C```html<br><a href=""#"">back to top</a> <a href=""#top"">back to top</a><br>```<br></li><li>D```html<br><button href=""#"">back to top</button> <button href=""#top"">back to top</button><br>```<br></li></ul>","A```html<br><a id=""top""></a><br><!-- placed at the top of the page --><br><a href=""#top"">back to top</a><br>```<br>"
<b> Which three tags where deprecated in HTML</b><br><ul><li>`<rb> <rp> <rt>`</li><li>`<acronym> <code> <wbr>`</li><li>`<hgroup> <q> <wbr>`</li><li>`<b> <i> <u>`</li></ul>,`<rb> <rp> <rt>`
"<b> The **\_** tag is used for marking up a short code snippet, while the \_ tag is used for marking up a longer block of code</b><br><ul><li>`<kdb>`, `<pre>`</li><li>`<pre>`, `<code>`</li><li>`<kdb>`, `<mark>`</li><li>`<code>`, `<pre>`1. [Source: MDN Web Docs code](https://developer.mozilla.org/en-US/docs/Web/HTML/Element/code)<br>2. [Source: MDN Web Docs pre](https://developer.mozilla.org/en-US/docs/Web/HTML/Element/pre)<br></li></ul>","`<code>`, `<pre>`1. [Source: MDN Web Docs code](https://developer.mozilla.org/en-US/docs/Web/HTML/Element/code)<br>2. [Source: MDN Web Docs pre](https://developer.mozilla.org/en-US/docs/Web/HTML/Element/pre)<br>"
<b> What does the `<label>` element do?</b><br><ul><li>It labels webpages with important information.</li><li>It creates an ID for a corresponding input element.</li><li>It overrides the name attribute's value on a child input element.</li><li>It programmatically associates a text label with an interface element.</li></ul>,It programmatically associates a text label with an interface element.
"<b> To get a link to open in a new window or tab, use the **\_** attribute</b><br><ul><li>`_blank`</li><li>`_self`</li><li>`_new`</li><li>`_parent`</li></ul>",`_blank`
"<b> What is the most semantically accurate way to mark up the sentence shown below? Note: ""TLAs"" stands for ""three-letter acronyms.""</b><br><br>**We are fond of our TLAs in web design.**<br><br><ul><li>A```html<br><p>We are fond of our <span title=""three-letter acronyms"">TLAs</span> in web design.</p><br>```<br></li><li>B```html<br><p>We are fond of our TLAs in web design.</p><br>```<br></li><li>C```html<br><p>we are fond of our <abbr title=""three-letter acronyms"">TLAs</abbr> in web design.</p><br>```<br></li><li>D```html<br><p>we are fond of our <acronym title=""three-letter acronym"">TLAs</acronym> in web design.</p><br>```<br>`<acronym>` has been removed in HTML5 and shouldn't be used anymore. Instead web developers should use the `<abbr>` element.<br></li></ul>","C```html<br><p>we are fond of our <abbr title=""three-letter acronyms"">TLAs</abbr> in web design.</p><br>```<br>"
"<b> What is the correctly nested markup for this list?</b><br><br><img src=""html-quiz_ss-6""><br><br><ul><li>A```html<br><ul><br><li><br>office<br><ol style=""circle""><br><li>staple</li><br><li>paper</li><br></ol><br></li><br><li><br>groceries<br><ol style=""circle""><br><li>milk</li><br></ol><br></li><br></ul><br>```<br></li><li>B```html<br><ul><br><li><br>Office Supplies<br><ul><br><li>Stapler</li><br><li>Paper clips</li><br></ul><br></li><br><li><br>Groceries<br><ul><br><li>Milk</li><br></ul><br></li><br></ul><br>```<br></li><li>C```html<br><ul><br><li>office</li><br><li>staple</li><br><li>paper</li><br><li>groceries</li><br><li>milk</li><br></ul><br>```<br></li></ul>",B```html<br><ul><br><li><br>Office Supplies<br><ul><br><li>Stapler</li><br><li>Paper clips</li><br></ul><br></li><br><li><br>Groceries<br><ul><br><li>Milk</li><br></ul><br></li><br></ul><br>```<br>
"<b> What should fill the blank below?</b><br><br>```html<br><link href=""phone.css"" rel=""stylesheet"" _____=""print"" /><br>```<br><br><ul><li>title</li><li>type</li><li>device</li><li>media</li></ul>",media
"<b> What is the semantically correct way to mark up this layout?</b><br><br><img src=""html-quiz_ss-5""><br><br><ul><li>A```html<br><p><br>""Making money is what you have to do to sustain a business—being driven to make something of value<br>and purpose is much more powerful.""<br></p><br><p><em>Lynda Weinman</em></p><br>```<br></li><li>B```html<br><blockquote><br><q<br>>""Making money is what you have to do to sustain a business—being driven to make something of<br>value and purpose is much more powerful.""</q<br>><br><cite><em>Lynda Weinman</em></cite><br></blockquote><br>```<br></li><li>C```html<br><blockquote><br><p><br>""Making money is what you have to do to sustain a business—being driven to make something of<br>value and purpose is much more powerful.""<br></p><br><cite>Lynda Weinman</cite><br></blockquote><br>```<br></li><li>D```html<br><section><br><q<br>>""Making money is what you have to do to sustain a business—being driven to make something of<br>value and purpose is much more powerful.""</q<br>><br><cite>Lynda Weinman</cite><br></section><br>```<br></li></ul>","C```html<br><blockquote><br><p><br>""Making money is what you have to do to sustain a business—being driven to make something of<br>value and purpose is much more powerful.""<br></p><br><cite>Lynda Weinman</cite><br></blockquote><br>```<br>"
"<b> Which choice uses the correct terminology in describing this markup: `<p>info</p>`?</b><br><ul><li>The element opener is `<p>`, the element closer is `</p>`, and the element information is info.</li><li>The start tag is `<p>`, the end tag is `</p>`, and the enclosed HTML is info.</li><li>The start tag is `<p>`, the end tag is `</p>`, and the element content is info.</li><li>The start element is `<p>`, the end element is `</p>`, and the tag content is info.</li></ul>","The start tag is `<p>`, the end tag is `</p>`, and the element content is info."
"<b> What is the difference between `<input type=""submit"" value=""click me"">` and `<button type=""submit"">Click me</button>`?</b><br><ul><li>There is no difference. Both will render a button that submits a form.</li><li>Both will submit a form. However, the `<button>` can have content other than text, like an image or nested HTML elements, while the `<input>` cannot.</li><li>`<input type=""button"">` has been deprecated in HTML5. You should use the `<button>` tag instead.</li><li>Both will submit a form. However, the `<input>` can have content other than text, like an image or nested HTML elements, while the `<button>` cannot.</li></ul>","Both will submit a form. However, the `<button>` can have content other than text, like an image or nested HTML elements, while the `<input>` cannot."
<b> What is the best semantic way to indicate that text refers to keyboard entry?</b><br><ul><li>`<p>Press the <tt>Enter</tt> key to proceed.</p>`</li><li>`<p>Press the <kbd>Enter</kbd> key to proceed.</p>`</li><li>`<p>Press the <samp>Enter</samp> key to proceed.</p>`</li><li>`<p>Press the Enter key to proceed.</p>`</li></ul>,`<p>Press the <kbd>Enter</kbd> key to proceed.</p>`
"<b> What does this code do?</b><br><br>```html<br><audio controls><br><source src=""sound.mp3"" type=""audio/mpeg"" /><br><source src=""sound.ogg"" type=""audio/ogg"" /><br><source src=""sound.wav"" type=""audio/wav"" /><br></audio><br>```<br><br><ul><li>The browser chooses the first supported format to play with the browser's default controls.</li><li>The browser chooses the best audio format to play with JavaScript-provided controls.</li><li>The browser plays each sound file in order automatically. The user has controls to stop playback.</li><li>The browser chooses the first supported sound file and will loop the sound until the user stops it.</li></ul>",The browser chooses the first supported format to play with the browser's default controls.
<b> What attribute applies a keyboard shortcut hint to the current element?</b><br><ul><li>`accesskey`</li><li>`shortcut`</li><li>`keyboard`</li><li>`access`</li></ul>,`accesskey`
"<b> What is the correct way to code a link that, when clicked, will send an email to `email@example.com` with a subject of ""Hello""?</b><br><ul><li>`<a href=""mailto:email@example.com&subject=Hello"">Click me</a>`</li><li>`<a href=""mailto:email@example.com"">Hello</a>`</li><li>`<a href=""mailto:email@example.com?subject=Hello"">Click me</a>`</li><li>`<a href=""mailto:email@example.com?&subject=Hello"">Click me</a>`</li></ul>","`<a href=""mailto:email@example.com?subject=Hello"">Click me</a>`"
"<b> Which tag is the root element of an HTML document?</b><br><ul><li>`<!DOCTYPE html>`</li><li>`<html>`</li><li>`<body>`</li><li>`<root>``The <html> tag is the root element of an HTML document, which means that it contains all the contents and tags of the HTML document within it. The html element represents the root of a document.`<br>1. [Source](https://www.interviewbit.com/html-mcq/)<br>2. [Source](https://www.w3.org/TR/2010/WD-html-markup-20100624/html.html)<br></li></ul>",`<html>`
"<b> Which code snippet creates the layout shown, starting at `<table>` and ending at `</table>`?</b><br><br><img src=""html-quiz_ss-1""><br><br><ul><li>A```html<br><tr><br><td>Table cell 1</td><br><td>Table cell 2</td><br></tr><br><tr><br><td rowspan=""2"">Table cell 3</td><br></tr><br>```<br></li><li>B```html<br><tr><br><td>Table cell 1</td><br><td>Table cell 2</td><br><td>Table cell 3</td><br></tr><br>```<br></li><li>C```html<br><tr><br><td>Table cell 1</td><br><td>Table cell 2</td><br></tr><br><tr><br><td colspan=""2"">Table cell 3</td><br></tr><br>```<br></li><li>D```html<br><tr><br><td>Table cell 1</td><br><td>Table cell 2</td><br></tr><br><tr><br><td>Table cell 3</td><br></tr><br>```<br></li></ul>","C```html<br><tr><br><td>Table cell 1</td><br><td>Table cell 2</td><br></tr><br><tr><br><td colspan=""2"">Table cell 3</td><br></tr><br>```<br>"
<b> Which choice is NOT a legal value for the **name** attribute within a `<meta>` tag?</b><br><ul><li>charset</li><li>viewport</li><li>generator</li><li>author</li></ul>,charset
"<b> Which form is coded correctly?</b><br><ul><li>A```html<br><form><br><legend>Title</legend><br><fieldset><br><label for=""name"">Your name:</label><br><input type=""text"" name=""name"" id=""name"" /><br><button type=""submit"">Submit</button><br></fieldset><br></form><br>```<br></li><li>B```html<br><form><br><fieldset><br><legend>Title</legend><br><p>Your name:</p><br><input type=""text"" name=""name"" id=""name"" /><br><input type=""submit"" value=""Submit"" /><br></fieldset><br></form><br>```<br></li><li>C```html<br><form><br><fieldset><br><legend>Title</legend><br><label for=""name"">Your name:</label><br><input type=""text"" name=""name"" id=""name"" /><br><button type=""submit"">Submit</button><br></fieldset><br></form><br>```<br></li><li>D```html<br><form><br><legend>Title</legend><br><label for=""name"">Your name:</label><br><input type=""text"" name=""name"" id=""name"" /><br><input type=""submit"" value=""Submit"" /><br></form><br>```<br></li></ul>","C```html<br><form><br><fieldset><br><legend>Title</legend><br><label for=""name"">Your name:</label><br><input type=""text"" name=""name"" id=""name"" /><br><button type=""submit"">Submit</button><br></fieldset><br></form><br>```<br>"
<b> What does the **poster** attribute do in the `<video>` tag?</b><br><ul><li>It specifies an image that should display while the video downloads and until the video is played.</li><li>It specifies an image that only displays if there is a problem with the video.</li><li>It specifies an image that should display until the video is played.</li><li>It specifies an image that should display while the video downloads.</li></ul>,It specifies an image that should display while the video downloads and until the video is played.
"<b> What does this code do?</b><br><br>```html<br><audio controls src=""sound.mp3"" type=""audio/mpeg"">When does this text display?</audio><br>```<br><br><ul><li>The text displays over the audio controls, unless CSS is used to position it elsewhere.</li><li>The text displays under the audio controls.</li><li>The text displays when the browser cannot play the sound.</li><li>The text never displays.</li></ul>",The text displays when the browser cannot play the sound.
<b> What is the primary purpose of the `<canvas>` tag?</b><br><ul><li>It allows raster images to be rendered on the webpage.</li><li>It displays annotated images.</li><li>It allows drawing on a bitmap via JavaScript.</li><li>It allows vector images to be rendered on the webpage.</li></ul>,It allows drawing on a bitmap via JavaScript.
<b> Which choice contains three valid block-level elements?</li></b><br><ul><li>`<details> <abbr> <figcaption>`</li><li>`<canvas> <select> <noscript>`</li><li>`<dt> <table> <pre>`</li><li>`<kbd> <p> <main>`</li></ul>,`<dt> <table> <pre>`
"<b> In the code below, what is the purpose of the **lang** attribute?</b><br><br>```html<br><p lang=""en-GB"">Welcome to our wonderful website.</p><br>```<br><br><ul><li>It establishes the language for the website—in this case, English.</li><li>It establishes the language and dialect for the website—in this case, British English.</li><li>It establishes the language and dialect for the paragraph—in this case, British English.</li><li>It establishes the language for the paragraph—in this case, English.</li></ul>","It establishes the language and dialect for the paragraph—in this case, British English."
"<b> Which image formats can be displayed by all web browsers?</b><br><ul><li>JPG, GIF, TIF</li><li>JPG, TIF, BMP</li><li>TIF, BMP, GIF</li><li>PNG, GIF, JPG</li></ul>","PNG, GIF, JPG"
"<b> Review the code below. What is the absolute URL for a page called **page.html**?</b><br><br>```html<br><base href=""http://www.linkedin.com/dir/"" /><br>```<br><br><ul><li>`http://www.linkedin.com/dir/page.html`</li><li>`page.html`</li><li>`http://www.linkedin.com/page.html`</li><li>`dir/page.html`</li></ul>",`http://www.linkedin.com/dir/page.html`
"<b> What is the correct way to include a stylesheet named **style.css** in the `<head>` of your document?</b><br><ul><li>`<style link=""style.css"">`</li><li>`<link rel=""stylesheet"" href=""style.css"">`</li><li>`<style src=""style.css""></style>`</li><li>`<link style=""style.css"">`</li></ul>","`<link rel=""stylesheet"" href=""style.css"">`"
"<b> You want to have single spacing in between some lines, like in a poem or an address. Which approach should you use?</b><br><ul><li>Wrap the text in a box that is the right width so everything wraps correctly. Set the box width with CSS.</li><li>Separate lines with a `<p>`, then use CSS to make single spacing.</li><li>Use the `<pre>` tag to make the line spacing look exactly like you want.</li><li>Separate the lines with the `<br>` tag.</li></ul>","Separate lines with a `<p>`, then use CSS to make single spacing."
"<b> What does the `<wbr>` tag do?</b><br><ul><li>It requires the browser to wrap the current line at that point.</li><li>It breaks a word into two pieces, using a hyphen to connect the words.</li><li>It formats a sentence to be easily breakable.</li><li>It presents an opportunity for a break in a very long word, if needed for proper page display.</li></ul>","It presents an opportunity for a break in a very long word, if needed for proper page display."
"<b> Review the code below. How do you include subnavigation for Link </b><br><br>```html<br><nav><br><ul><br><li><a href=""#"">Link 1</a></li><br><li><a href=""#"">Link 2</a></li><br><li><a href=""#"">Link 3</a></li><br></ul><br></nav><br>```<br><br><ul><li>A```html<br><nav><br><ul><br><li><a href=""#"">Link 1</a></li><br><li><a href=""#"">Link 2</a></li><br><ul><br><li><a href=""#"">Link 2a</a></li><br></ul><br><li><a href=""#"">Link 3</a></li><br></ul><br></nav><br>```<br></li><li>B```html<br><nav><br><ul><br><li><a href=""#"">Link 1</a></li><br><li><br><a href=""#"">Link 2</a><br><ul><br><li><a href=""#"">Link 2a</a></li><br></ul><br></li><br><li><a href=""#"">Link 3</a></li><br></ul><br></nav><br>```<br></li><li>C```html<br><ul><br><nav><br><li><a href=""#"">Link 1</a></li><br><li><br><a href=""#"">Link 2</a><br><ul><br><nav><br><li><a href=""#"">Link 2a</a></li><br></nav><br></ul><br></li><br><li><a href=""#"">Link 3</a></li><br></nav><br></ul><br>```<br></li><li>D```html<br><nav><br><ul><br><li><a href=""#"">Link 1</a></li><br><li><a href=""#"">Link 2</a></li><br><nav><br><ul><br><li><a href=""#"">Link 2a</a></li><br></ul><br></nav><br><li><a href=""#"">Link 3</a></li><br></ul><br></nav><br>```<br></li></ul>","B```html<br><nav><br><ul><br><li><a href=""#"">Link 1</a></li><br><li><br><a href=""#"">Link 2</a><br><ul><br><li><a href=""#"">Link 2a</a></li><br></ul><br></li><br><li><a href=""#"">Link 3</a></li><br></ul><br></nav><br>```<br>"
<b> What is the correct way to code a comment in HTML?</b><br><ul><li>`//this is a comment`</li><li>`/* this is a comment */`</li><li>`<! this is a comment ->`</li><li>`<!-- this is a comment -->`</li></ul>,`<!-- this is a comment -->`
<b> Which statement is **false**?</b><br><ul><li>Inline elements can be nested inside inline elements.</li><li>Block elements can be nested inside block elements.</li><li>Inline elements can be nested inside block elements.</li><li>Block elements can be nested inside inline elements.</li></ul>,Block elements can be nested inside inline elements.
"<b> What is the best semantic to use Quotes in HTML?</b><br><br>`Steve Kruz Said: ""He will Win""`<br><br><ul><li>`<q>`</li><li>`<quote>`</li><li>`<blockquote>`</li><li>`<notation>`</li></ul>",`<q>`<br><br>[Reference (w3schools)](https://www.w3schools.com/html/html_quotation_elements.asp)<br>
"<b> How will a video look displayed on a fully loaded webpage if the `<video>` tag is used and the **autoplay** attribute is not set?</b><br><ul><li>It will display a random frame from a video, unless the **poster** attribute is set.</li><li>It will display the first frame of the video, unless the **poster** attribute is set.</li><li>It will display nothing unless the **poster** attribute is set.</li><li>It will display a black window unless the **poster** attribute is set.</li></ul>","It will display the first frame of the video, unless the **poster** attribute is set.<br><br>[Reference (w3schools)](https://www.w3schools.com/tags/tryit.asp?filename=tryhtml5_video)<br>"
"<b> What is the correct way to describe an empty element / Alt.: What is the correct way to describe an empty element, such as a line break tag?</b><br><ul><li>It has opening and closing tags but no child content.</li><li>It display nothing on a website.</li><li>It has no child content and no closing tag.</li><li>It has child content but no closing tag.</li></ul>",It has no child content and no closing tag.<br><br>[Reference (MDN Web Docs)](https://developer.mozilla.org/en-US/docs/Glossary/Empty_element)<br>
"<b> What is the purpose of async in this code?</b><br><br>`<script async src=""myscript.js""></script>`<br><br><ul><li>It downloads the script from the server when resources allow.</li><li>It runs the script after HTML parsing is complete.</li><li>It runs the script when the script is ready.</li><li>It pauses the parsing of HTML code while the script runs.</li></ul>",It runs the script when the script is ready.
"<b> What does this code do on a page you are visiting for the first time?</b><br><br>`<audio autoplay loop src=""sound.mp3"" type=""audio/mpeg""></audio>`<br><br><ul><li>When the **Play** button is pressed, the browser plays the sound over and over again until the user stops it.</li><li>The browser plays the sound once automatically in the background. The user has no control over the sound.</li><li>The browser plays the sound automatically and continuously in the background. The user may stop the sound at any tune.</li><li>It does nothing. Modern browsers require some form of interaction before they let a page autoplay with audio.1. [(MDN) audio](https://developer.mozilla.org/en-US/docs/Web/HTML/Element/audio),<br>2. [(MDN) autoplay](https://developer.mozilla.org/en-US/docs/Web/Media/Autoplay_guide)<br></li></ul>","It does nothing. Modern browsers require some form of interaction before they let a page autoplay with audio.1. [(MDN) audio](https://developer.mozilla.org/en-US/docs/Web/HTML/Element/audio),<br>2. [(MDN) autoplay](https://developer.mozilla.org/en-US/docs/Web/Media/Autoplay_guide)<br>"
"<b> What is the difference between the `<head>` and `<header>` tags?</b><br><ul><li>There is only one `<head>` tag per page, while there may be many `<header>` tags.</li><li>The `<head>` tag may contain CSS and Javascript links, while the `<header>` tag may contain headings and navigational links.</li><li>all of these answers</li><li>The `<head>` tag contains meta information, while the `<header>` tag contains navigation, logos, and other page identifying content.</li></ul>",all of these answers
"<b> In this code, what is the purpose of defer?</b><br><br>`<script defer src=""myscript.js""></script>`<br><br><ul><li>It downloads the script from the server when resources allow.</li><li>It runs the script after HTML parsing is complete.</li><li>It runs the script when the script is ready.</li><li>It pauses the parsing of HTML code while the script runs.</li></ul>",It runs the script after HTML parsing is complete.
<b> The code below contains some errors. Which choice corrects all of the errors?</b><br><br>```html<br><table><br><tr><br>Cell 1<br></tr><br><td>Cell 2</td><br><caption><br>A table<br></caption><br></table><br>```<br><br><ul><li>A```html<br><caption><br>A table<br></caption><br><table><br><td><br><tr><br>Cell 1<br></tr><br><tr><br>Cell 2<br></tr><br></td><br></table><br>```<br></li><li>B```html<br><caption><br>A table<br></caption><br><table><br><tr><br><td>Cell 1</td><br><td>Cell 2</td><br></tr><br></table><br>```<br></li><li>C```html<br><table><br><caption><br>A table<br></caption><br><tr><br><td>Cell 1</td><br><td>Cell 2</td><br></tr><br></table><br>```<br></li><li>D```html<br><table><br><tr><br><td>Cell 1</td><br><td>Cell 2</td><br></tr><br><caption><br>A table<br></caption><br></table><br>```<br></li></ul>,C```html<br><table><br><caption><br>A table<br></caption><br><tr><br><td>Cell 1</td><br><td>Cell 2</td><br></tr><br></table><br>```<br>
"<b> Given the file and directory structure shown here, what is the correct element to place in file profit.html to link to info.html?</b><br><br><img src=""html-quiz_ss-7""><br><br><ul><li>`<a href=""../work/info.html"">See Information </a>`</li><li>`<a href=""../info.html"">See Information </a>`</li><li>`<a href=""../../info.html"">See Information </a>`</li><li>`<a href=""info.html"">See Information </a>`</li></ul>","`<a href=""../info.html"">See Information </a>`"
"<b> When should you use the `<article>` element?</b><br><ul><li>For blog posts and other social media items</li><li>For the main content area of your website</li><li>When the content stands alone as a unit, is suitable for syndication, or is reusable</li><li>To associate comments with a blog post</li></ul>","When the content stands alone as a unit, is suitable for syndication, or is reusable<br><br>[Reference (MDN)](https://developer.mozilla.org/en-US/docs/Web/HTML/Element/article)<br>"
<b> Which list comprises three empty elements?</b><br><ul><li>A```html<br><area /><br><embed /><br><strong></strong><br>```<br></li><li>B```html<br><input /><br><br /><br><p></p><br>```<br></li><li>C```html<br><link><br><meta><br><title><br>```<br></li><li>D```html<br><wbr /><br><base /><br><source /><br>```<br></li></ul>,D```html<br><wbr /><br><base /><br><source /><br>```<br>
"<b> Which snippet of HTML, when clicked, makes a phone call on a mobile device?</b><br><ul><li>`<a href=""tel:802-555-1212"">Call me</a>`</li><li>`<a href=""phone"">802-555-1212</a>`</li><li>`<a href=""tel"">802-555-1212</a>`</li><li>`<a href=""phone:802-555-1212"">Call me</a>`</li></ul>","`<a href=""tel:802-555-1212"">Call me</a>`"
"<b> What is the purpose of the `class` attribute?</b><br><ul><li>Classes allow CSS to select specific elements on the page. You may list as many class names within the class attribute as you wish,separated by spaces.<br></li><li>Classes allow CSS and JavaScript to select specific elements on the page. You may list only one class name per class attribute.</li><li>Classes allow CSS to select specific elements on the page. You may list only one class name per class attribute.</li><li>Classes allow CSS and JavaScript to select specific elements on the page. You may list as many class names within the class attributeas you wish, separated by spaces.<br></li></ul>","Classes allow CSS and JavaScript to select specific elements on the page. You may list as many class names within the class attributeas you wish, separated by spaces.<br><br><br>[Reference (MDN)](https://developer.mozilla.org/en-US/docs/Web/HTML/Global_attributes/class)<br>"
"<b> Which choice is not a legal type attribute for the `<input>` tag?</b><br><ul><li>`<input type=""color"">`</li><li>`<input type=""tel"">`</li><li>`<input type=""week"">`</li><li>`<input type=""num"">`</li></ul>","`<input type=""num"">`<br><br>[Reference (MDN)](https://developer.mozilla.org/en-US/docs/Web/HTML/Element/Input)<br>"
"<b> What is the most semantic way to mark up this sentence so that ""happy talk must die"" is rendered as an inline quote?</b><br><br>As Steve Krug once said, happy talk must die.<br><br><ul><li>`<p>`As Steve Krug once said, `<b>`happy talk must die.`</b>` `</p>`</li><li>`<p>`As Steve Krug once said, `<i>`happy talk must die.`</i>` `</p>`</li><li>`<p>`As Steve Krug once said, `<blockquote>`happy talk must die.`</blockquote>` `</p>`</li><li>`<p>`As Steve Krug once said, `<q>`happy talk must die.`</q>` `</p>`</li></ul>","`<p>`As Steve Krug once said, `<q>`happy talk must die.`</q>` `</p>`<br><br>[Source: W3Schools](https://www.w3schools.com/tags/tag_q.asp)<br>**`<q>` tag**<br>`Most browsers will display q tags as inline elements with quotes`<br>"
"<b> What is the most semantically accurate way to make up a main navigation bar, displayed in a horizontal direction?</b><br><ul><li>A```html<br><p><br><a href=""index.html"">Home</a><br><a href=""about.html"">About</a><br><a href=""contact.html"">Contact</a><br></p><br>```<br></li><li>B```html<br><nav><br><a href=""index.html"">Home</a><br><a href=""about.html"">About</a><br><a href=""contact.html"">Contact</a><br></nav><br>```<br></li><li>C```html<br><nav><br><ol><br><li><a href=""index.html"">Home</a></li><br><li><a href=""about.html"">About</a></li><br><li><a href=""contact.html"">Contact</a></li><br></ol><br></nav><br>```<br></li><li>D```html<br><nav><br><ul><br><li><a href=""index.html"">Home</a></li><br><li><a href=""about.html"">About</a></li><br><li><a href=""contact.html"">Contact</a></li><br></ul><br></nav><br>```<br></li></ul>","D```html<br><nav><br><ul><br><li><a href=""index.html"">Home</a></li><br><li><a href=""about.html"">About</a></li><br><li><a href=""contact.html"">Contact</a></li><br></ul><br></nav><br>```<br>"
"<b> Which choice is the best way to mark up this layout?</b><br><br><img src=""html-quiz_ss-8""><br><br><ul><li>A```html<br><h4>Mailing Address</h4><br><address><br>6410 Via Real <br /><br>Carpinteria, CA 93013<br /><br><a href=""mailto:info@linkedin.com"">info@linkedin.com</a><br></address><br>```<br></li><li>B```html<br><h4><strong>Mailing Address</h4><br><address><em><br>6410 Via Real <br><br>Carpinteria, CA 93013<br><br><a href=""mailto:info@linkedin.com"">info@linkedin.com</a><br></em></address><br>```<br></li><li>C```html<br><h4>Mailing Address</h4><br><p><br><em><br>6410 Via Real <br /><br>Carpinteria, CA 93013<br /><br><a href=""mailto:info@linkedin.com"">info@linkedin.com</a><br></em><br></p><br>```<br></li><li>D```html<br><p><strong>Mailing Address</strong></p><br><p><br><em><br>6410 Via Real <br /><br>Carpinteria, CA 93013<br /><br><a href=""mailto:info@linkedin.com"">info@linkedin.com</a><br></em><br></p><br>```<br></li></ul>","A```html<br><h4>Mailing Address</h4><br><address><br>6410 Via Real <br /><br>Carpinteria, CA 93013<br /><br><a href=""mailto:info@linkedin.com"">info@linkedin.com</a><br></address><br>```<br><br><br>[Source: W3Schools](https://www.w3schools.com/tags/tag_address.asp)<br>`The <address> tag defines the contact information for the author/owner of a document or an article. The contact information can be an email address, URL, physical address, phone number, social media handle, etc. The text in the <address> element usually renders in italic, and browsers will always add a line break before and after the <address> element.`<br>"
"<b> What is the primary purpose of HTML?</b><br><ul><li>HTML structures the webpage, identifying its elements such as paragraphs, headings, and lists.</li><li>HTML structures and provides a rudimentary look to webpages.</li><li>HTML is responsible for the structure, styling, and interactivity of webpages.</li><li>HTML is responsible for the structure and styling of webpages.</li></ul>","HTML structures the webpage, identifying its elements such as paragraphs, headings, and lists."
"<b> For the HTML code below, when will ""Sample Text"" display to the browser?</b><br><br>```html<br><noscript>Sample Text</noscript><br>```<br><br><ul><li>when there is no JavaScript used on this webpage</li><li>when JavaScript is not supported by the browser or if JavaScript is disabled in the browser</li><li>when JavaScript is disabled in the web browser</li><li>when JavaScript is not supported by the web browser</li></ul>",when JavaScript is not supported by the browser or if JavaScript is disabled in the browser<br><br>[Reference (MDN)](https://www.w3schools.com/tags/tag_noscript.asp)<br>
"<b> How will this code render by default in most web browsers?</b><br><br>```html<br><details><br><h4>Mixed Berry Tart.</h4><br><p><br>Raspberries, blueberries, and strawberries on top of a creamy filling served in a crispy tart.<br></p><br></details><br>```<br><br><ul><li>A<img src=""html-quiz_Q84-1""><br></li><li>B<img src=""html-quiz_Q84-2""><br></li><li>C<img src=""html-quiz_Q84-3""><br></li><li>D<img src=""html-quiz_Q84-4""><br></li></ul>","A<img src=""html-quiz_Q84-1""><br>"
"<b> What is the difference between the `<svg>` and `<canvas>`?</b><br><ul><li>`<svg>` produces vector graphics, while `<canvas>` produces raster graphics.</li><li>`<svg>` integrates with JavaScript, while `<canvas>` does not.</li><li>`<svg>` produces raster graphics, while `<canvas>` produces vector graphics.</li><li>`<svg>` cannot be used as a background image, while `<canvas>` can be used as a background</li></ul>","`<svg>` produces vector graphics, while `<canvas>` produces raster graphics."
"<b> What is the difference between the _readonly_ and _disabled_ attributes for the `<textarea>` element?</b><br><ul><li>_readonly_ allows clicking in the `<textarea>` element. _disabled_ prevents all interaction with the control.</li><li>_readonly_ is invalid attribute for `<textarea>`, while _disabled_ is a valid attribute.</li><li>_disabled_ allows clicking in the `<textarea>` element. _readonly_ prevents all interaction with the control.</li><li>_disabled_ is invalid attribute for `<textarea>`, while _readonly_ is a valid attribute.1. [Source: readonly](https://www.w3schools.com/tags/att_readonly.asp)<br>2. [Source: disabled](https://www.w3schools.com/tags/att_disabled.asp)<br></li></ul>",_readonly_ allows clicking in the `<textarea>` element. _disabled_ prevents all interaction with the control.
"<b> In this code, what is _target_?</b><br><br>`<a target=""_blank"">...</a>`<br><br><ul><li>an attribute</li><li>a tag</li><li>content</li><li>an element</li></ul>",an attribute
"<b> What is the correct way to add a submit URL to a `button` element?</b><br><ul><li>A```html<br><button submit=""http://example.com/process"">Process data</button><br>```<br></li><li>B```html<br><button action=""http://example.com/process"">Process data</button><br>```<br></li><li>C```html<br><button formaction=""http://example.com/process"">Process data</button><br>```<br></li><li>D```html<br><button method=""http://example.com/process"">Process data</button><br>```<br>`formaction — The URL that processes the information submitted by the button. Overrides the action attribute of the button's form owner. Does nothing if there is no form owner.` [Source](https://developer.mozilla.org/en-US/docs/Web/HTML/Element/button#attr-formaction)<br></li></ul>","C```html<br><button formaction=""http://example.com/process"">Process data</button><br>```<br>"
"<b> Which is the best markup to produce this text?</b><br><br>`x<y&z>w`<br><br><ul><li>`<p>x<y&z>w</p>`</li><li>`<p>x\<y&z\>w</p>`</li><li>`<p>x<<y&&z>>w`</li><li>`<p>x<y&z>w</p>``This question has an issue, however this answer will count as correct`<br>`It's too strange question because all of that methods doesn't work. The good method is &amp, &lt, &gt using.`<br></li></ul>",`<p>x\<y&z\>w</p>`
"<b> What is wrong with this code snippet?</b><br><br>```html<br><label>Address:</label> <input type=""text"" name=""address"" id=""address-input"" /><br>```<br><br><ul><li>The `<label>` and `<input>` should be nested inside of a `<fieldset>` element.</li><li>**""address""** is not a valid value for the attribute **name** on an `<input>` element.</li><li>The `<label>` element is missing an **id** set to ""address-input"".</li><li>The `<label>` element is missing a **for** attribute set to ""address-input"".</li></ul>","The `<label>` element is missing a **for** attribute set to ""address-input""."
<b> What is the default method for form submission?</b><br><ul><li>GET</li><li>POST</li><li>PUT</li><li>SUBMIT</li></ul>,GET
<b> Which is the most semantically correct markup for a side comment in small print?</b><br><ul><li>`<p>` Get 10% discount `<small>`not valid in France`</small></p>`</li><li>`<p>` Get 10% discount `<!--not valid in France--> </p>`</li><li>`<p>` Get 10% discount `<comment>`not valid in France`</comment></p>`</li><li>`<p>` Get 10% discount `<aside>`not valid in France`</aside></p>`</li></ul>,`<p>` Get 10% discount `<small>`not valid in France`</small></p>`
"<b> Which choice will produce the spanish word <i>canción</i>?</b><br><ul><li>`<p lang=""es"">canción</p>`</li><li>`<p lang=""es"">canci&oacuten</p>`</li><li>`<p lang=""es"">cancio'n</p>`</li><li>`<p lang=""es"">canci'on</p>`</li></ul>","`<p lang=""es"">canción</p>`"
"<b> What is the purpose of `<caption>`?</b><br><ul><li>`<caption>` provides captions for `<audio>`,`<video>`,`<img>`, and `<table>`.</li><li>`<caption>` provides captions to `<table>`.</li><li>`<caption>` provides captions for `<audio>`, `<video>`, and `<table>`.</li><li>`<caption>` provides captions for `<img>`, `<audio>`, and `<video>`.</li></ul>",`<caption>` provides captions to `<table>`.
<b> The `value` attribute is associated with which set of tags?</b><br><ul><li>A```html<br><li><br><input><br><option><br>```<br></li><li>B```html<br><input><br><option><br><textarea><br>```<br></li><li>C```html<br><button><br><input><br><form><br>```<br></li><li>D```html<br><input><br><label><br><meter><br>```<br></li></ul>,A```html<br><li><br><input><br><option><br>```<br>
"<b> What is wrong with this code?</b><br><br>`<img src=""https://source.unsplash.com/random"">`<br><br><ul><li>`<img>` should be paired with a `<caption>` tag.</li><li>The `<img>` element is missing an alt attribute.</li><li>`<img>` is not a valid HTML element. Instead, use `<image src=""...""/>`.</li><li>`<img>` should be nested within a `<figure>` tag.</li></ul>",The `<img>` element is missing an alt attribute.
<b> Which choice is the most semantically correct markup for specifying the first definition of a term?</b><br><ul><li>`<p>`The `<dl>`focal length`</dl>` of a lens gives the distance from the lens to the image sensor.`</p>`</li><li>`<p>`The `<dfn>`focal length`<dfn>` of a lens gives the distance from the lens to the image sensor.`</p>`</li><li>`<p>`The `<dt>`focal length`</dt>` of a lens gives the distance from the lens to the image sensor.`</p>`</li><li>`<p>`The `<dd>`focal length`</dd>` of a lens gives the distance from the lens to the image sensor.`</p>`</li></ul>,"`<p>`The `<dfn>`focal length`<dfn>` of a lens gives the distance from the lens to the image sensor.`</p>`<br><br>**Definition** `element => The <dfn> HTML element is used to indicate the term being defined within the context of a definition phrase or sentence.`<br>`**Description Term element => The <dt> HTML element specifies a term in a description or definition list, and as such must be used inside a <dl> element.`<br>`**Description Details element =>The <dd> HTML element provides the description, definition, or value for the preceding term (<dt>) in a description list (<dl>).`<br>[Source](https://developer.mozilla.org/en-US/docs/Web/HTML/Element/dfn)<br>"
"<b> Which choice is the best way to code three choices within a form so that the user can select multiple items?</b><br><ul><li>:```html<br><input type=""radio"" name=""example"" /> Choice 1 <br /><br><input type=""radio"" name=""example"" /> Choice 2 <br /><br><input type=""radio"" name=""example"" /> Choice 3<br>```<br></li><li>:```html<br><input type=""checkbox"" name=""example"" /> Choice 1 <br /><br><input type=""checkbox"" name=""example"" /> Choice 2 <br /><br><input type=""checkbox"" name=""example"" /> Choice 3<br>```<br></li><li>:```html<br><label><input type=""checkbox"" name=""example"" /> Choice 1</label><br /><br><label><input type=""checkbox"" name=""example"" /> Choice 2</label><br /><br><label><input type=""checkbox"" name=""example"" /> Choice 3</label><br>```<br></li><li>:```html<br><label><input type=""radio"" name=""example"" /> Choice 1</label><br /><br><label><input type=""radio"" name=""example"" /> Choice 2</label><br /><br><label><input type=""radio"" name=""example"" /> Choice 3</label><br>```<br>`<input> elements of type checkbox are rendered by default as boxes that are checked (ticked) when activated, like you might see in an official government paper form. The exact appearance depends upon the operating system configuration under which the browser is running. Generally this is a square but it may have rounded corners.`<br></li></ul>",":```html<br><input type=""checkbox"" name=""example"" /> Choice 1 <br /><br><input type=""checkbox"" name=""example"" /> Choice 2 <br /><br><input type=""checkbox"" name=""example"" /> Choice 3<br>```<br><br><br>[Source](https://developer.mozilla.org/en-US/docs/Web/HTML/Element/input/checkbox)<br>"
"<b> How would you mark up a piece of ASCII art (an emoticon) in an accessible way?</b><br><ul><li>`<pre role=""emoticon"" aria-label=""ASCII emoticon of a shrug"">¯\_(ツ)_/¯</pre>`</li><li>`<pre role=""img"" aria-label=""ASCII emoticon of a shrug"">¯\_(ツ)_/¯</pre>`</li><li>`<dfn title=""ASCII emoticon of a shrug"">¯\_(ツ)_/¯</dfn>`</li><li>`<label for=""art"">ASCII emoticon of a shrug</label><pre role=""img"" id=""art"">¯\_(ツ)_/¯</pre>`</li></ul>","`<pre role=""emoticon"" aria-label=""ASCII emoticon of a shrug"">¯\_(ツ)_/¯</pre>`"
"<b> Which example is a standard way in HTML</b><br><ul><li>`<metadata name=""author"" content=""Author Name"">`</li><li>`<meta name=""author"">Author Name</meta>`</li><li>`<meta name=""creator"" content=""Author Name"">`</li><li>`<meta name=""author"" content=""Author Name"">`</li></ul>","`<meta name=""author"" content=""Author Name"">`"
"<b> Given the following requirements, select the correct `input` configuration: An `input` that allows the user to select from a range of integer values between </b><br><ul><li>`<input type=""range"" min=""0"" max=""100"" by=""5"" />`</li><li>`<input type=""range"" min=""0"" max=""100"" step=""5"" />`</li><li>`<input type=""number"" min=""0"" max=""100"" step=""5"" />`</li><li>`<input type=""number"" min=""0"" max=""100"" by=""5"" />``<input> elements of type range let the user specify a numeric value which must be no less than a given value, and no more than another given value. The step attribute is a number that specifies the granularity that the value must adhere to.`<br></li></ul>","`<input type=""range"" min=""0"" max=""100"" step=""5"" />`<br><br>[Source](https://developer.mozilla.org/en-US/docs/Web/HTML/Element/Input/range)<br>"
"<b> Which choice is valid markup for a `<head>` element?</b><br><ul><li>`<head class=""Page Section Information"" id=""head""><title>Page Title</title></head>`</li><li>`<head><title>Page Title</title> <img src=""favicon.icon"" alt=""""></head>`</li><li>`<head><title>Page Title</title> <data value=""email"">email@example.com</data></head>`</li><li>`<head><title>Page Title</title><address>email@example.com</address></head>``The <head> HTML element contains machine-readable information (metadata) about the document, like its title.The <data> tag is used to add a machine-readable translation of a given content.`<br></li></ul>","`<head><title>Page Title</title> <data value=""email"">email@example.com</data></head>`<br><br>[Source 1](https://developer.mozilla.org/en-US/docs/Web/HTML/Element/head)/<br>[Source 2](https://www.w3schools.com/tags/tag_data.asp)<br>"
"<b> You need to add comments to the company blog. What is the most semantic markup for a list of comments?</b><br><ul><li>A```html<br><aside><br><h3>Comments</h3><br><article>First comment.</article><br><article>Second comment.</article><br></aside><br>```<br></li><li>B```html<br><div aria=""dpub-comments""><br><h3>Comments</h3><br><div aria=""dpub-comment"">First comment.</div><br><div aria=""dpub-comment"">Second comment.</div><br></div><br>```<br></li><li>C```html<br><aside><br><h3>Comments</h3><br><aside>First comment.</aside><br><aside>Second comment.</aside><br></aside><br>```<br></li><li>D```html<br><div typeof=""comments""><br><h3>Comments</h3><br><div typeof=""comment"">First comment.</div><br><div typeof=""comment"">Second comment.</div><br></div><br>```<br>`The <article> HTML element represents a self-contained composition in a document, page, application, or site, which is intended to be independently distributable or reusable (e.g., in syndication). Example:a user-submitted comment.`<br></li></ul>",A```html<br><aside><br><h3>Comments</h3><br><article>First comment.</article><br><article>Second comment.</article><br></aside><br>```<br><br><br>[Source](https://developer.mozilla.org/en-US/docs/Web/HTML/Element/article)<br>
"<b> To make something editable by the user, you need to set the **\_** attribute to **\_**</b><br><ul><li>`access`; allow</li><li>`designMode`; true</li><li>`contenteditable`; true</li><li>`contenteditable`; yes`The contenteditable global attribute is an enumerated attribute indicating if the element should be editable by the user. If so, the browser modifies its widget to allow editing. The attribute must take one of the following values: true or an empty string, which indicates that the element is editable; false, which indicates that the element is not editable.`<br></li></ul>",`contenteditable`; true<br><br>[Source](https://developer.mozilla.org/en-US/docs/Web/HTML/Global_attributes/contenteditable)<br>
"<b> Which choice is the standard way to include a value in a form without making it visible to or editable by the user?</b><br><ul><li>`<input type=""invisible"" name=""important"" value=""information"">`</li><li>`<input type=""text"" style=""display: none;"" name=""important"" value=""information"">`</li><li>`<input type=""hidden"" name=""important"" value=""information"">`</li><li>`<input type=""text"" hidden name=""important"" value=""information"">``<input> elements of type hidden let web developers include data that cannot be seen or modified by users when a form is submitted. For example, the ID of the content that is currently being ordered or edited, or a unique security token. Hidden inputs are completely invisible in the rendered page, and there is no way to make it visible in the page's content.` [Source](https://developer.mozilla.org/en-US/docs/Web/HTML/Element/input/hidden)<br></li></ul>","`<input type=""hidden"" name=""important"" value=""information"">`"
<b> What is the semantic way to add an identifying title to a table?</b><br><ul><li>`<table><label>Heading</label>...</table>`</li><li>`<table><title>Heading</title>...</table>`</li><li>`<table><legend>Heading</legend>...</table>`</li><li>`<table><caption>Heading</caption>...</table>``The <caption> HTML element specifies the caption (or title) of a table.` [Source](https://developer.mozilla.org/en-US/docs/Web/HTML/Element/caption)<br></li></ul>,`<table><caption>Heading</caption>...</table>``The <caption> HTML element specifies the caption (or title) of a table.` [Source](https://developer.mozilla.org/en-US/docs/Web/HTML/Element/caption)<br>
"<b> Which image file referenced in this `img` element's `srcset` attribute should a browser on a small mobile phone load?</b><br><br>```html<br><img<br>srcset=""medium.jpg 320w, large.jpg 1280w""<br>src=""small.jpg""<br>alt=""Our favorite image""<br>sizes=""(min-width: 1200px) 640px, 100vw""<br>/><br>```<br><br><ul><li>small.jpg</li><li>medium.jpg</li><li>none of them</li><li>large.jpg`The browser will: 1. Look at its device width. 2. Work out which media condition in the sizes list is the first one to be true. 3. Look at the slot size given to that media query. 4. Load the image referenced in the srcset list that has the same size as the slot or, if there isn't one, the first image that is bigger than the chosen slot size.` [Source](https://developer.mozilla.org/en-US/docs/Learn/HTML/Multimedia_and_embedding/Responsive_images)<br></li></ul>","large.jpg`The browser will: 1. Look at its device width. 2. Work out which media condition in the sizes list is the first one to be true. 3. Look at the slot size given to that media query. 4. Load the image referenced in the srcset list that has the same size as the slot or, if there isn't one, the first image that is bigger than the chosen slot size.` [Source](https://developer.mozilla.org/en-US/docs/Learn/HTML/Multimedia_and_embedding/Responsive_images)<br>"
"<b> Which description is coded correctly?</b><br><ul><li>A```html<br><dl><br><dt>Server</dt><br><dd>Software used to serve webpages, like Apache.</dd><br><dd>Hardware used to provide data to other computers.</dd><br><!-- Other terms and descriptions --><br></dl><br>```<br></li><li>B```html<br><dt><br><dl>Server</dl><br><dd>Software used to serve webpages, like Apache.</dd><br><dd> Hardware used to provide data to other computers.</dd><br><!-- Other terms and descriptions --><br></dt><br>```<br></li><li>C```html<br><dl><br><dt>Server</dt><br><dd>Software used to serve webpages, like Apache.</dd><br><dt>Hardware used to provide data to other computers.</dt><br><!-- Other terms and descriptions --><br></dl><br>```<br></li><li>D```html<br><dl><br><dd>Server</dd><br><dt>Software used to serve webpages, like Apache.</dt><br><dt>Hardware used to provide data to other computers.</dt><br><!-- Other terms and descriptions --><br></dl><br>```<br></li></ul>","A```html<br><dl><br><dt>Server</dt><br><dd>Software used to serve webpages, like Apache.</dd><br><dd>Hardware used to provide data to other computers.</dd><br><!-- Other terms and descriptions --><br></dl><br>```<br><br><br>[Source 1](https://html.spec.whatwg.org/multipage/grouping-content.html#the-dl-element)<br>[Source 2](https://www.w3schools.com/tags/tag_dl.asp)<br>"
"<b> What is wrong with this code?</b><br><br>```html<br><ul><br><h2>Espresso Drinks</h2><br><li>Espresso</li><br><li>Latte</li><br><li>Cappuccino</li><br><li>Mocha</li><br></ul><br>```<br><br><ul><li>Nothing is wrong.</li><li>`<ul>` cannot contain a heading element as a direct child.</li><li>An `<h1>` should be used here instead of an `<h2>` tag.</li><li>Only `<ol>` allows direct descendants to contain elements other than an `<li>`, so use an `<ol>` here instead.`ul content model only accepts ""Zero or more li and script-supporting elements"".` [Source](https://html.spec.whatwg.org/multipage/grouping-content.html#the-ul-element)<br></li></ul>",`<ul>` cannot contain a heading element as a direct child.
"<b> A designer gave you CSS code that should run only when the device rendering the page is in dark mode. How would you embed that code?</b><br><ul><li>`<style media=""light-mode: false"">/* CSS code */</style>`</li><li>`<style media=""color-mode: dark"">/* CSS code */</style>`</li><li>`<style media=""prefers-color-scheme: dark"">/* CSS code */</style>`</li><li>`<style media=""color-scheme: dark"">/* CSS code */</style>`</li></ul>","`<style media=""prefers-color-scheme: dark"">/* CSS code */</style>`"
"<b> How would you mark up a header for a table row?</b><br><ul><li>A```html<br><table><br><thead scope=""row""><br><th row=""1"">Header</th><br></thead><br><tr><br><td>10</td><br><td>18</td><br></tr><br></table><br>```<br></li><li>B```html<br><table><br><tr><br><th scope=""row"">Header</th><br><td>10</td><br><td>18</td><br></tr><br></table><br>```<br></li><li>C```html<br><table><br><tr><br><thead scope=""row""><br>Header<br></thead><br><td>10</td><br><td>18</td><br></tr><br></table><br>```<br></li><li>D```html<br><table><br><tr><br><th>Header</th><br><td>10</td><br><td>18</td><br></tr><br></table><br>```<br></li></ul>","A```html<br><table><br><thead scope=""row""><br><th row=""1"">Header</th><br></thead><br><tr><br><td>10</td><br><td>18</td><br></tr><br></table><br>```<br>"
<b> Which statement is correct?</b><br><ul><li>The `<main>` element represents the dominant content of an `<article>` in a document.</li><li>The `<main>` element represents the dominant content of a `<section>` of a document. You may have one `<main>` element per section.</li><li>The `<main>` element represents the dominant content of your document. There can be only one `<main>` element that is not hidden.</li><li>The `<article>` element represents the dominant content of your document. There can be only one `<article>` element that is not hidden.</li></ul>,The `<main>` element represents the dominant content of your document. There can be only one `<main>` element that is not hidden.<br><br>[Source](https://developer.mozilla.org/en-US/docs/Web/HTML/Element/main)<br>
"<b> Users report that a form is not working. What is the culprit?</b><br><br>```html<br><form action=""/choices"" disabled><br><fieldset disabled><br><legend>choices</legend><br><label>Choice 1 <input type=""radio"" name=""choice"" value=""choice1"" /></label><br><label>Choice 2 <input type=""radio"" name=""choice"" value=""choice1"" /></label><br><label>Choice 3 <input type=""radio"" name=""choice"" value=""choice1"" /></label><br><label>Choice 4 <input type=""radio"" name=""choice"" value=""choice1"" /></label><br><button>Choose!</button><br></fieldset><br></form><br>```<br><br><ul><li>The form element is disabled.</li><li>There is no <input type=""submit""> element.</li><li>The fieldset is disabled.</li><li>There is no method set on the form.A disabled fieldset is unusable and un-clickable. [Source](https://www.w3schools.com/tags/att_fieldset_disabled.asp)<br></li></ul>",The fieldset is disabled.
"<b> Which description list is coded correctly?</b><br><ul><li>A```html<br><dl><br><dt>Server</dt><br><dd>Software used to server webpages, like Apache.</dd><br><dd>Hardware used to provide data to other computers.</dd><br><!--Other terms and descriptions --><br></dl><br>```<br></li><li>B```html<br><dl><br><dd>Server</dd><br><dt>Software used to server webpages, like Apache.</dt><br><dt>Hardware used to provide data to other computers.</dt><br><!--Other terms and descriptions --><br></dl><br>```<br></li><li>C```html<br><dt><br><dl>Server</dl><br><dd>Software used to server webpages, like Apache.</dd><br><dd>Hardware used to provide data to other computers.</dd><br><!--Other terms and descriptions --><br></dt><br>```<br></li><li>D```html<br><dl><br><dt>Server</dt><br><dd>Software used to server webpages, like Apache.</dd><br><dt>Hardware used to provide data to other computers.</dt><br><!--Other terms and descriptions --><br></dl><br>```<br></li></ul>","A```html<br><dl><br><dt>Server</dt><br><dd>Software used to server webpages, like Apache.</dd><br><dd>Hardware used to provide data to other computers.</dd><br><!--Other terms and descriptions --><br></dl><br>```<br>"
<b> what does the a in the html a tag stands for?</b><br><ul><li>assign</li><li>add tag</li><li>anchor tag</li><li>none of the above</li></ul>,anchor tag<br><br>[Source](https://stackoverflow.com/questions/39434659/what-does-the-a-in-the-html-a-tag-stand-for)<br>
<b> What is the correct HTML element for inserting a line break?</b><br><ul><li>`<break>`</li><li>`<lb>`</li><li>`<br>`</li><li>`<a>`</li></ul>,`<br>`
"<b> The HTML global attribute, ""contenteditable"" is used to</b><br><ul><li>Update content from the server</li><li>Specifies a context menu for an element. The menu appears when a user right-clicks on the element.</li><li>Specify whether the content of an element should be editable or not</li><li>Return the position of the first found occurrence of content inside a string</li></ul>",Specify whether the content of an element should be editable or not
<b> HTML elements that aren't meant to store content or other elements are called **\_** elements</b><br><ul><li>void</li><li>independent</li><li>empty</li><li>paragraph</li></ul>,void<br><br>[Source](https://www.w3.org/TR/2011/WD-html-markup-20110113/syntax.html#syntax-elements)<br>
<b> The **\_** attribute of an HTML label element is a referencing mechanism to state what input or element the label is tied to</b><br><ul><li>to</li><li>of</li><li>with</li><li>for</li></ul>,for<br><br>[Source](https://www.w3schools.com/tags/att_label_for.asp)<br>
<b> Coding in HTML provides which of the following?</b><br><ul><li>The responsiveness of the website</li><li>The style of the website</li><li>The core website structure</li><li>The behavior of web elements</li></ul>,The core website structure
<b> Which HTML element is the container for all the renderable aspects of the document?</b><br><ul><li>head</li><li>body</li><li>title</li><li>meta</li></ul>,body
"<b> The ""h"" in the HTML h</b><br><ul><li>head</li><li>horizontal</li><li>hypertext</li><li>heading</li></ul>",heading<br><br>[Source](https://www.w3schools.com/html/html_headings.asp)<br>
"<b> Which is an invalid use of the `<a>` element?</b><br><ul><li>A```html<br><a href=""#additional-information"" class=""Card""><br><video src=""media.mp4"" width=""400"" height=""300""></video><br></a><br>```<br></li><li>B```html<br><a href=""#additional-information"" class=""Card""><br><details><br><summary>Additional Information</summary><br></details><br></a><br>```<br></li><li>C```html<br><a href=""#additional-information"" class=""Card""><br><p>Additional Information</p><br><p></p<br>></a><br>```<br></li><li>D```html<br><a href=""#additional-information"" class-""Card""><br><img src=""media.jpeg"" alt=""More information""></video><br></a><br>```<br></li></ul>","B```html<br><a href=""#additional-information"" class=""Card""><br><details><br><summary>Additional Information</summary><br></details><br></a><br>```<br>"
<b> How to display preformatted text in HTML?</b><br><ul><li>`<p>`</li><li>`<pre>`</li><li>`<hr>`</li><li>All of the above</li></ul>,`<pre>`
"<b> Which is a valid title element?</b><br><ul><li>`<title><em>Exciting</em> title</title>`</li><li>`<title></title>`</li><li>`<title name=""Exciting Title"" />`</li><li>`<title>Exciting title</title>`</li></ul>",`<title>Exciting title</title>`<br><br>[Source](https://www.w3schools.com/tags/tag_title.asp)<br>
"<b> Which link contains a valid URL?</b><br><ul><li>`<link rel=""stylesheet"" href=""/styles for me/styles.css"">`</li><li>`<link rel=""stylesheet"" href=""/styles|for|me/styles.css"">`</li><li>`<link rel=""css"" href=""\styles for me\styles.css"">`</li><li>`<link rel=""stylesheet"" href=""/styles%20for%20me/styles.css"">`</li></ul>","`<link rel=""stylesheet"" href=""/styles%20for%20me/styles.css"">`<br><br>[Source 1](https://www.w3schools.com/tags/att_link_href.asp)<br>[Source 2](https://www.sistrix.com/ask-sistrix/technical-seo/site-structure/do-i-have-to-convert-the-spaces-in-urls)<br>"
"<b> Which example is missing a mandatory closing tag, making it invalid?</b><br><ul><li>`<p>Simple paragraph`</li><li>`<ul><li>Simple list</li>`</li><li>`<ul><li>Simple list<ul>`</li><li>`<dl><dt>Simple term<dd>Simple description</dl>`</li></ul>",`<ul><li>Simple list</li>`<br><br>[Source](https://blog.teamtreehouse.com/to-close-or-not-to-close-tags-in-html5)<br>
"<b> What is the semantic method for marking up a video with a caption in browsers that support it?</b><br><ul><li>`<video src=""video.mp4"" caption=""video.vtt""></video>`</li><li>`<video src=""video.mp4""><track caption=""video.vtt"" /></video>`</li><li>`<video src=""video.mp4""><track default kind=""captions"" srclang=""en"" src=""video.vtt"" /></video>`</li><li>`<video src=""video.mp4""><caption default srclang=""en"" src=""video.vtt"" /></video>`</li></ul>","`<video src=""video.mp4""><caption default srclang=""en"" src=""video.vtt"" /></video>`<br><br>[Source](https://developer.mozilla.org/en-US/docs/Web/Guide/Audio_and_video_delivery/Adding_captions_and_subtitles_to_HTML5_video)<br>"
"<b> A white paper has a sidebar and endnotes, both of which are complementary to the main text. How would you mark them up to make their distinct roles more broadly accessible?</b><br><ul><li>A```html<br><custom-sidebar aria-label-""Sidebar""›Sidebar...</custom-sidebar><custom-footnote aria-<br>label=""Endnotes"">Endnotes...</custom-footnote><br>```<br></li><li>B```html<br><aside role=""sidebar"">Sidebar...</aside><aside role=""notes"">Endnotes...</aside><br>```<br></li><li>C```html<br><aside role=""complementary"">Sidebar...</aside><br><aside role=""supplementary"">Endnotes...</aside><br>```<br></li><li>D```html<br><aside aria-label-""Sidebar"">Sidebar...</aside><aside aria-label=""Endnotes"">Endnotes...</aside><br>```<br></li></ul>","B```html<br><aside role=""sidebar"">Sidebar...</aside><aside role=""notes"">Endnotes...</aside><br>```<br><br><br>[Source](https://www.w3.org/TR/wai-aria-practices-1.2/#doc_noteref)<br>"
"<b> A white paper has a sidebar and endnotes, both of which are complementary to the main text. How would you mark them up to make their distinct roles more broadly accesible?</b><br><ul><li>`<aside aria-label=""Sidebar"">Sidebar...</aside><aside aria-label=""Endnotes"">Endnotes...</aside>`</li><li>`<custom-sidebar aria-label=""Sidebar"">Sidebar...</custom-sidebar><custom-footnote aria-label=""Endnotes"">Endnotes...</custom-footnote>`</li><li>`<aside role=""Sidebar"">Sidebar...</aside><aside role=""Endnotes"">Endnotes...</aside>`</li><li>`<aside role=""complementary"">Sidebar...</aside><aside role=""supplementary"">Endnotes...</aside>`</li></ul>","`<aside aria-label=""Sidebar"">Sidebar...</aside><aside aria-label=""Endnotes"">Endnotes...</aside>`<br><br>[Source](https://developer.mozilla.org/en-US/docs/Web/Accessibility/ARIA/Roles)<br>"
"<b> Which video example will autoplay in most browsers?</b><br><ul><li>`<video src=""video.mp4"" autoplay muted></video>`</li><li>`<video src=""video.mp4"" background></video>`</li><li>`<video src=""video.mp4"" autoplay></video>`</li><li>`<video src=""video.mp4"" autoplay=""force""></video>`</li></ul>","`<video src=""video.mp4"" autoplay muted></video>`<br><br>[Source](https://stackoverflow.com/questions/65157672/force-html5-video-autoplay-unmuted)<br>"
"<b> In which order will these scripts execute, assuming they all take the same time to download?</b><br><br>```html<br><script type=""module"" src=""module.js""></script><br>// external module<br><script type=""async"" src=""module.js""></script><br>// async<br><script type=""defer"" src=""module.js""></script><br>// defer<br><script type=""module"" src=""module.js""><br>// inline module<br></script><br>```<br><br><ul><li>async, external module, defer, inline module</li><li>async, inline module, external module, defer</li><li>external module, async, defer, inline module</li><li>inline module, external module, defer, async</li></ul>","external module, async, defer, inline module"
"<b> What is the backward-compatible method of turning a circle in an SVG into a link?</b><br><ul><li>`<html:a href=""/our-circle/""><circle cx=""10"" cy=""10"" r=""5""/></html:a>`</li><li>`<a svg:href=""/our-circle/""><circle cx=""10"" cy=""10"" r=""5""/></a>`</li><li>`<a href=""/our-circle/""><circle cx=""10"" cy=""10"" r=""5""/></a>`</li><li>`<a href=""/our-circle/"" xlink:href=""/our-circle/""><circle cx=""10"" cy=""10"" r=""5""/></a>`</li></ul>","`<a href=""/our-circle/"" xlink:href=""/our-circle/""><circle cx=""10"" cy=""10"" r=""5""/></a>`<br><br>[Source](https://developer.mozilla.org/en-US/docs/Web/SVG/Attribute/xlink:href)<br>"
"<b> Users report that a form is not working. What is the culprit?</b><br><br>```html<br><form action=""/choices"" disabled><br><fieldset disabled><br><legend>Choices</legends><br><label>Choice 1 <input type=""radio"" name=""choice"" value=""choice1"" /></label><br><label>Choice 2 <input type=""radio"" name=""choice"" value=""choice2"" /></label><br><label>Choice 3 <input type=""radio"" name=""choice"" value=""choice3"" /></label><br><label>Choice 4 <input type=""radio"" name=""choice"" value=""choice4"" /></label><br><button>Choose!</button><br></fieldset><br></form><br>```<br><br><ul><li>There is no <input type=""submit""> element.</li><li>There is no method set on the form.</li><li>The form element is disabled.</li><li>The fieldset is disabled.</li></ul>","There is no <input type=""submit""> element."
<b> What is wrong with this table?</b><br><br>```html<br><table><br><legend>A two body table!</legend><br><col><br><col><br><tbody><tr><br><td>Cell 1</td><br><td>Cell 1</td><br></tr></tbody><br><tbody><tr><br><td>Cell 1</td><br><td>Cell 1</td><br></tr></tbody><br></table><br>```<br><br><ul><li>A table can only have one tbody element.</li><li>legend must appear at the end of a table element.</li><li>legend is not allowed in a table element.</li><li>All col elements must be wrapped in a colgroup element.</li></ul>,All col elements must be wrapped in a colgroup element.<br><br>[Source](https://developer.mozilla.org/en-US/docs/Web/HTML/Element/col)<br>
