<b> Which operator returns true if the two compared values are not equal?</b><br><ul><li>`<>`</li><li>`~`</li><li>`==!`</li><li>`!==`</li></ul>,`!==`<br><br>[Reference Javascript Comparison Operators](https://www.w3schools.com/js/js_operators.asp)<br>
"<b> How is a forEach statement different from a for statement?</b><br><ul><li>Only a for statement uses a callback function.</li><li>A for statement is generic, but a forEach statement can be used only with an array.</li><li>Only a forEach statement lets you specify your own iterator.</li><li>A forEach statement is generic, but a for statement can be used only with an array.</li></ul>","A for statement is generic, but a forEach statement can be used only with an array.<br><br>[Reference Differences between forEach and for loop](https://www.geeksforgeeks.org/difference-between-foreach-and-for-loop-in-javascript/)<br>"
<b> Review the code below. Which statement calls the addTax function and passes </b><br><br>```js<br>function addTax(total) {<br>return total * 1.05;<br>}<br>```<br><br><ul><li>`addTax = 50;`</li><li>`return addTax 50;`</li><li>`addTax(50);`</li><li>`addTax 50;`</li></ul>,`addTax(50);`<br><br>[Reference functions in javascript](https://www.w3schools.com/js/js_functions.asp)<br>
<b> Which statement is the correct way to create a variable called rate and assign it the value </b><br><ul><li>`let rate = 100;`</li><li>`let 100 = rate;`</li><li>`100 = let rate;`</li><li>`rate = 100;`</li></ul>,`let rate = 100;`<br><br>[Reference Javascript Assignment operators](https://www.w3schools.com/js/js_operators.asp)<br>
"<b> Which statement creates a new object using the Person constructor? Which statement creates a new Person object called ""student""?</b><br><ul><li>`var student = new Person();`</li><li>`var student = construct Person;`</li><li>`var student = Person();`</li><li>`var student = construct Person();`</li></ul>",`var student = new Person();`<br><br>[Reference](https://developer.mozilla.org/en-US/docs/Web/JavaScript/Reference/Classes)<br>
"<b> When would the final statement in the code shown be logged to the console? When would 'results shown' be logged to the console?</b><br><br>```js<br>let modal = document.querySelector('#result');<br>setTimeout(function () {<br>modal.classList.remove('hidden');<br>}, 10000);<br>console.log('Results shown');<br>```<br><br><ul><li>after 10 second</li><li>after results are received from the HTTP request</li><li>after 10000 seconds</li><li>immediately</li></ul>",immediately<br><br>[Reference Javascript is synchronous and single threaded](https://stackoverflow.com/a/2035662/15067394)<br>
"<b> Which snippet could you add to this code to print ""food"" to the console?</b><br><br>```js<br>class Animal {<br>static belly = [];<br>eat() {<br>Animal.belly.push('food');<br>}<br>}<br>let a = new Animal();<br>a.eat();<br>console.log(/* Snippet Here */); //Prints food<br>```<br><br><ul><li>`a.prototype.belly[0]`</li><li>`Object.getPrototype0f (a).belly[0]`</li><li>`Animal.belly[0]`</li><li>`a.belly[0]`</li></ul>",`Animal.belly[0]`<br><br>[Reference Javascript Class static Keyword](https://developer.mozilla.org/en-US/docs/Web/JavaScript/Reference/Classes/static)<br>
"<b> You've written the code shown to log a set of consecutive values, but it instead results in the value </b><br><ul><li>`A````js<br>for (var i = 1; i <= 4; i++) {<br>setTimeout(function () {<br>console.log(i);<br>}, i * 10000);<br>}<br>```<br></li><li>`B````js<br>for (var i = 1; i <= 4; i++) {<br>(function (i) {<br>setTimeout(function () {<br>console.log(j);<br>}, j * 1000);<br>})(j);<br>}<br>```<br></li><li>`C````js<br>for (var i = 1; i <= 4; i++) {<br>setTimeout(function () {<br>console.log(i);<br>}, i * 1000);<br>}<br>```<br></li><li>`D````js<br>for (var i = 1; i <= 4; i++) {<br>(function (j) {<br>setTimeout(function () {<br>console.log(j);<br>}, j * 1000);<br>})(i);<br>}<br>```<br></li><li>`E````js<br>for (var j = 1; j <= 4; j++) {<br>setTimeout(function () {<br>console.log(j);<br>}, j * 1000);<br>}<br>```<br>1. [Reference setTimeout](https://developer.mozilla.org/en-US/docs/Web/API/setTimeout)<br>2. [Reference immediately invoked anonymous functions](https://www.javascripttutorial.net/javascript-anonymous-functions/)<br></li></ul>","`D````js<br>for (var i = 1; i <= 4; i++) {<br>(function (j) {<br>setTimeout(function () {<br>console.log(j);<br>}, j * 1000);<br>})(i);<br>}<br>```<br>"
<b> How does a function create a closure?</b><br><ul><li>It reloads the document whenever the value changes.</li><li>It returns a reference to a variable in its parent scope.</li><li>It completes execution without returning.</li><li>It copies a local variable to the global scope.</li></ul>,It returns a reference to a variable in its parent scope.<br><br>[Reference](https://developer.mozilla.org/en-US/docs/Web/JavaScript/Closures)<br>
<b> Which statement creates a new function called discountPrice?</b><br><ul><li>`A````js<br>let discountPrice = function (price) {<br>return price * 0.85;<br>};<br>```<br></li><li>`B````js<br>let discountPrice(price) {<br>return price * 0.85;<br>};<br>```<br></li><li>`C````js<br>let function = discountPrice(price) {<br>return price * 0.85;<br>};<br>```<br></li><li>`D````js<br>discountPrice = function (price) {<br>return price * 0.85;<br>};<br>```<br></li></ul>,<ul><li>`A````js<br>let discountPrice = function (price) {<br>return price * 0.85;<br>};<br>```<br></li><li>`D````js<br>discountPrice = function (price) {<br>return price * 0.85;<br>};<br>```<br></li></ul><br><br>[Reference defining javascript functions](https://www.w3schools.com/js/js_functions.asp)<br>
<b> What is the result in the console of running the code shown?</b><br><br>```js<br>var Storm = function () {};<br>Storm.prototype.precip = 'rain';<br>var WinterStorm = function () {};<br>WinterStorm.prototype = new Storm();<br>WinterStorm.prototype.precip = 'snow';<br>var bob = new WinterStorm();<br>console.log(bob.precip);<br>```<br><br><ul><li>Storm()</li><li>undefined</li><li>'rain'</li><li>'snow'</li></ul>,'snow'<br><br>[Reference prototype chain](https://developer.mozilla.org/en-US/docs/Web/JavaScript/Inheritance_and_the_prototype_chain)<br>
"<b> You need to match a time value such as </b><br><ul><li>`/[0-9]{2,}:[0-9]{2,}:[0-9]{2,}/`</li><li>`/\d\d:\d\d:\d\d/`</li><li>`/[0-9]+:[0-9]+:[0-9]+/`</li><li>`/ : : /`</li></ul>","`/\d\d:\d\d:\d\d/`<br><br>**NOTE**: The first three are all partially correct and will match digits, but the **second option is the most correct** because it will **only** match **2 digit** time values (12:00:32). The first option would have worked if the repetitions range looked like `[0-9]{2}`, however because of the **comma** `[0-9]{2,}` it will select 2 **or more** digits (120:000:321). The third option will any range of time digits, single _and_ multiple (meaning `1:2:3` will also match).<br>**More resources:**<br>1. [Repeating characters](https://regexone.com/lesson/repeating_characters)<br>2. [Kleene operators](https://regexone.com/lesson/kleene_operators)<br>"
"<b> What is the result in the console of running this code?</b><br><br>```js<br>'use strict';<br>function logThis() {<br>this.desc = 'logger';<br>console.log(this);<br>}<br>new logThis();<br>```<br><br><ul><li>`undefined`</li><li>`window`</li><li>`{desc: ""logger""}`</li><li>`function`</li></ul>","`{desc: ""logger""}`<br><br>[Reference javascript classes](https://developer.mozilla.org/en-US/docs/Web/JavaScript/Reference/Classes)<br>"
"<b> How would you reference the text 'avenue' in the code shown?</b><br><br>```js<br>let roadTypes = ['street', 'road', 'avenue', 'circle'];<br>```<br><br><ul><li>roadTypes.2</li><li>roadTypes\[3\]</li><li>roadTypes.3</li><li>roadTypes\[2\]</li></ul>",roadTypes\[2\]<br><br>[Reference accessing javascript arrays](https://www.w3schools.com/js/js_arrays.asp)<br>
<b> What is the result of running this statement?</b><br><br>```js<br>console.log(typeof 42);<br>```<br><br><ul><li>`'float'`</li><li>`'value'`</li><li>`'number'`</li><li>`'integer'`</li></ul>,`'number'`<br><br>[Reference javascript data types](https://developer.mozilla.org/en-US/docs/Web/JavaScript/Data_structures)<br>
<b> Which property references the DOM object that dispatched an event?</b><br><ul><li>`self`</li><li>`object`</li><li>`target`</li><li>`source`</li></ul>,`target`<br><br>[Reference DOM events](https://www.w3schools.com/jsref/dom_obj_event.asp)<br>
"<b> You're adding error handling to the code shown. Which code would you include within the if statement to specify an error message?</b><br><br>```js<br>function addNumbers(x, y) {<br>if (isNaN(x) || isNaN(y)) {<br>}<br>}<br>```<br><br><ul><li>`exception('One or both parameters are not numbers')`</li><li>`catch('One or both parameters are not numbers')`</li><li>`error('One or both parameters are not numbers')`</li><li>`throw('One or both parameters are not numbers')`</li></ul>",`throw('One or both parameters are not numbers')`<br><br>[Reference javascript throw](https://developer.mozilla.org/en-US/docs/Web/JavaScript/Reference/Statements/throw)<br>
<b> Which method converts JSON data to a JavaScript object?</b><br><ul><li>`JSON.fromString();`</li><li>`JSON.parse()`</li><li>`JSON.toObject()`</li><li>`JSON.stringify()`</li></ul>,`JSON.parse()`<br><br>[Reference convert json to javascript object](https://www.w3schools.com/js/js_json_parse.asp)<br>
<b> When would you use a conditional statement?</b><br><ul><li>When you want to reuse a set of statements multiple times.</li><li>When you want your code to choose between multiple options.</li><li>When you want to group data together.</li><li>When you want to loop through a group of statement.</li></ul>,When you want your code to choose between multiple options.<br><br>[Reference javascript conditionals](https://www.javascript.com/learn/conditionals)<br>
<b> What would be the result in the console of running this code?</b><br><br>```js<br>for (var i = 0; i < 5; i++) {<br>console.log(i);<br>}<br>```<br><br><ul><li>1 2 3 4 5</li><li>1 2 3 4</li><li>0 1 2 3 4</li><li>0 1 2 3 4 5</li></ul>,0 1 2 3 4<br><br>[Reference javascript for loops](https://www.w3schools.com/js/js_loop_for.asp)<br>
<b> Which Object method returns an iterable that can be used to iterate over the properties of an object?</b><br><ul><li>`Object.get()`</li><li>`Object.loop()`</li><li>`Object.each()`</li><li>`Object.keys()`</li></ul>,`Object.keys()`<br><br>[Reference javascript object static methods](https://developer.mozilla.org/en-US/docs/Web/JavaScript/Reference/Global_Objects/Object#static_methods)<br>
"<b> What will be logged to the console?</b><br><br>```js<br>var a = ['dog', 'cat', 'hen'];<br>a[100] = 'fox';<br>console.log(a.length);<br>```<br><br><ul><li>101</li><li>3</li><li>4</li><li>100</li></ul>",101
<b> What is one difference between collections created with Map and collections created with Object?</b><br><ul><li>You can iterate over values in a Map in their insertion order.</li><li>You can count the records in a Map with a single method call.</li><li>Keys in Maps can be strings.</li><li>You can access values in a Map without iterating over the whole collection.</li></ul>,"You can count the records in a Map with a single method call.<br><br>**Explanation:** `Map.prototype.size returns the number of elements in a Map, whereas Object does not have a built-in method to return its size.`<br>[Reference map methods javascript](https://developer.mozilla.org/en-US/docs/Web/JavaScript/Reference/Global_Objects/Map)<br>"
<b> What is the value of dessert.type after executing this code?</b><br><br>```js<br>const dessert = { type: 'pie' };<br>dessert.type = 'pudding';<br>```<br><br><ul><li>pie</li><li>The code will throw an error.</li><li>pudding</li><li>undefined</li></ul>,pudding<br><br>[Reference working with js objects](https://developer.mozilla.org/en-US/docs/Web/JavaScript/Guide/Working_with_Objects)<br>
<b> </b><br><ul><li>ReferenceError</li><li>true</li><li>0</li><li>false</li></ul>,0<br><br>[Reference boolean logic](https://ntgard.medium.com/https-medium-com-ntgard-boolean-logic-in-javascript-part-1-3371af974f19)<br>
<b> Which of the following operators can be used to do a short-circuit evaluation?</b><br><ul><li>`++`</li><li>`--`</li><li>`==`</li><li>`||`</li></ul>,`||`<br><br>[Reference short circuit javascript](https://codeburst.io/javascript-what-is-short-circuit-evaluation-ff22b2f5608c)<br>
<b> Which statement sets the Person constructor as the parent of the Student constructor in the prototype chain?</b><br><ul><li>`Student.parent = Person;`</li><li>`Student.prototype = new Person();`</li><li>`Student.prototype = Person;`</li><li>`Student.prototype = Person();`</li></ul>,`Student.prototype = new Person();`<br><br>[Reference prototype object js](https://developer.mozilla.org/en-US/docs/Web/JavaScript/Inheritance_and_the_prototype_chain)<br>
"<b> Why would you include a ""use strict"" statement in a JavaScript file?</b><br><ul><li>to tell parsers to interpret your JavaScript syntax loosely</li><li>to tell parsers to enforce all JavaScript syntax rules when processing your code</li><li>to instruct the browser to automatically fix any errors it finds in the code</li><li>to enable ES6 features in your code</li></ul>",to tell parsers to enforce all JavaScript syntax rules when processing your code<br><br>[Reference what is use strict in js](https://www.w3schools.com/js/js_strict.asp)<br>
<b> Which Variable-defining keyword allows its variable to be accessed (as undefined) before the line that defines it?</b><br><ul><li>all of them</li><li>`const`</li><li>`var`</li><li>`let`</li></ul>,`var`<br><br>[Reference var vs let vs const in js](https://www.freecodecamp.org/news/var-let-and-const-whats-the-difference/)<br>
"<b> Which of the following values is not a Boolean false?</b><br><ul><li>`Boolean(0)`</li><li>`Boolean("""")`</li><li>`Boolean(NaN)`</li><li>`Boolean(""false"")`</li></ul>","`Boolean(""false"")`<br><br>[Reference boolean of a string](https://developer.mozilla.org/en-US/docs/Web/JavaScript/Reference/Global_Objects/Boolean)<br>"
<b> Which of the following is not a keyword in JavaScript?</b><br><ul><li>`this`</li><li>`catch`</li><li>`function`</li><li>`array`</li></ul>,`array`<br><br>[Reference js reserved words](https://www.w3schools.com/js/js_reserved.asp)<br>
<b> Which variable is an implicit parameter for every function in JavaScript?</b><br><ul><li>Arguments</li><li>args</li><li>argsArray</li><li>argumentsList</li></ul>,Arguments<br><br>[Reference implicit js parameters for functions](https://www.codeproject.com/Tips/1221966/JavaScript-Functions-Implicit-Parameters)<br>
"<b> For the following class, how do you get the value of </b><br><br>```js<br>class X {<br>get Y() {<br>return 42;<br>}<br>}<br>var x = new X();<br>```<br><br><ul><li>`x.get('Y')`</li><li>`x.Y`</li><li>`x.Y()`</li><li>`x.get().Y`</li></ul>",`x.Y`<br><br>[Reference getters](https://developer.mozilla.org/en-US/docs/Web/JavaScript/Reference/Functions/get)<br>
"<b> What is the result of running this code?</b><br><br>```js<br>sum(10, 20);<br>diff(10, 20);<br>function sum(x, y) {<br>return x + y;<br>}<br>let diff = function (x, y) {<br>return x - y;<br>};<br>```<br><br><ul><li>30, ReferenceError, 30, -10</li><li>30, ReferenceError</li><li>30, -10</li><li>ReferenceError, -10</li></ul>","30, ReferenceError<br><br>[Reference accessing before initialization](https://stackoverflow.com/questions/56318460/cannot-access-variable-name-before-initialization)<br>"
"<b> Why is it usually better to work with Objects instead of Arrays to store a collection of records?</b><br><ul><li>Objects are more efficient in terms of storage.</li><li>Adding a record to an object is significantly faster than pushing a record into an array.</li><li>Most operations involve looking up a record, and objects can do that better than arrays.</li><li>Working with objects makes the code more readable.</li></ul>","Most operations involve looking up a record, and objects can do that better than arrays.<br><br>[Reference efficiency of lookups](https://stackoverflow.com/questions/17295056/array-vs-object-efficiency-in-javascript)<br>**Explanation:** Records in an object can be retrieved using their key which can be any given value (e.g. an employee ID, a city name, etc), whereas to retrieve a record from an array we need to know its index.<br>"
"<b> Which statement is true about the ""async"" attribute for the HTML script tag?</b><br><ul><li>It can be used for both internal and external JavaScript code.</li><li>It can be used only for internal JavaScript code.</li><li>It can be used only for internal or external JavaScript code that exports a promise.</li><li>It can be used only for external JavaScript code.</li></ul>",It can be used only for external JavaScript code.<br><br>[Reference async attribute for html](https://www.w3schools.com/tags/att_script_async.asp)<br>
"<b> How do you import the lodash library making it top-level Api available as the ""\_"" variable?</b><br><ul><li>`import _ from 'lodash';`</li><li>`import 'lodash' as _;`</li><li>`import '_' from 'lodash;`</li><li>`import lodash as _ from 'lodash';`</li></ul>",`import _ from 'lodash';`<br><br>[Reference how to import library in js](https://developer.mozilla.org/en-US/docs/Web/JavaScript/Reference/Statements/import)<br>
<b> What does the following expression evaluate to?</b><br><br>```js<br>[] == [];<br>```<br><br><ul><li>true</li><li>undefined</li><li>[]</li><li>false</li></ul>,false<br><br>[Reference arrays in js are objects](https://stackoverflow.com/questions/30820611/why-doesnt-equality-check-work-with-arrays)<br>
<b> What type of function can have its execution suspended and then resumed at a later point?</b><br><ul><li>Generator function</li><li>Arrow function</li><li>Async/ Await function</li><li>Promise function</li></ul>,"Generator function<br><br>[Reference what are generators in nodejs](https://www.guru99.com/node-js-generators-compare-callbacks.html#:~:text=Generators%20are%20function%20executions%20that,resumed%20at%20a%20later%20point.)<br>"
<b> What will this code print?</b><br><br>```js<br>var v = 1;<br>var f1 = function () {<br>console.log(v);<br>};<br>var f2 = function () {<br>var v = 2;<br>f1();<br>};<br>f2();<br>```<br><br><ul><li>2</li><li>1</li><li>Nothing - this code will throw an error.</li><li>undefined</li></ul>,1<br><br>[Reference closures in js \/ nested functions](https://javascript.info/closure)<br>
<b> Which statement is true about Functional Programming?</b><br><ul><li>Every object in the program has to be a function.</li><li>Code is grouped with the state it modifies.</li><li>Date fields and methods are kept in units.</li><li>Side effects are not allowed.</li></ul>,Side effects are not allowed.<br><br>[Reference functional programming](https://medium.com/javascript-scene/master-the-javascript-interview-what-is-functional-programming-7f218c68b3a0)<br>
<b> Your code is producing the error: TypeError: Cannot read property 'reduce' of undefined. What does that mean?</b><br><ul><li>You are calling a method named reduce on an object that's declared but has no value.</li><li>You are calling a method named reduce on an object that does not exist.</li><li>You are calling a method named reduce on an empty array.</li><li>You are calling a method named reduce on an object that's has a null value.</li></ul>,You are calling a method named reduce on an object that's declared but has no value.<br><br>**Explanation**: `You cannot invoke reduce on undefined object... It will throw (yourObject is not Defined...)`<br>
<b> How many prototype objects are in the chain for the following array?</b><br><br>`let arr = [];`<br><br><ul><li>3</li><li>2</li><li>0</li><li>1</li></ul>,2<br><br>[Reference array prototype](https://www.w3schools.com/jsref/jsref_prototype_array.asp)<br>
<b> Which choice is _not_ a unary operator?</b><br><ul><li>`typeof`</li><li>`delete`</li><li>`instanceof`</li><li>`void`</li></ul>,"`instanceof`<br><br>[Reference js unary operators](https://www.digitalocean.com/community/tutorials/javascript-unary-operators-simple-and-useful#:~:text=A%20unary%20operation%20is%20an,therefore%20their%20functionality%20is%20guaranteed.)<br>"
<b> What type of scope does the end variable have in the code shown?</b><br><br>```js<br>var start = 1;<br>if (start === 1) {<br>let end = 2;<br>}<br>```<br><br><ul><li>conditional</li><li>block</li><li>global</li><li>function</li></ul>,block<br><br>[Reference block vs function scope](https://josephcardillo.medium.com/the-difference-between-function-and-block-scope-in-javascript-4296b2322abe)<br>
<b> What will the value of y be in this code:</b><br><br>```js<br>const x = 6 % 2;<br>const y = x ? 'One' : 'Two';<br>```<br><br><ul><li>One</li><li>undefined</li><li>TRUE</li><li>Two</li></ul>,Two<br><br>[Reference ternary operator js](https://developer.mozilla.org/en-US/docs/Web/JavaScript/Reference/Operators/Conditional_Operator)<br>
<b> Which keyword is used to create an error?</b><br><ul><li>`throw`</li><li>`exception`</li><li>`catch`</li><li>`error`</li></ul>,"`throw`<br><br>[Reference throwing errors in js](<https://www.w3schools.com/jsref/jsref_throw.asp#:~:text=The%20throw%20statement%20throws%20(generates,to%20create%20a%20custom%20error.)>)<br>"
<b> What's one difference between the async and defer attributes of the HTML script tag?</b><br><ul><li>The defer attribute can work synchronously.</li><li>The defer attribute works only with generators.</li><li>The defer attribute works only with promises.</li><li>The defer attribute will asynchronously load the scripts in order.</li></ul>,"The defer attribute will asynchronously load the scripts in order.<br><br>[Reference async vs defer](https://www.digitalocean.com/community/tutorials/html-defer-async#:~:text=%3E-,Async%20vs%20Defer,order%20as%20they%20are%20called.)<br>"
<b> The following program has a problem. What is it?</b><br><br>```js<br>var a;<br>var b = (a = 3) ? true : false;<br>```<br><br><ul><li>The condition in the ternary is using the assignment operator.</li><li>You can't define a variable without initializing it.</li><li>You can't use a ternary in the right-hand side of an assignment operator.</li><li>The code is using the deprecated var keyword.</li></ul>,The condition in the ternary is using the assignment operator.<br><br>[Reference ternary operator js](https://developer.mozilla.org/en-US/docs/Web/JavaScript/Reference/Operators/Conditional_Operator)<br>
"<b> Which statement references the DOM node created by the code shown?</b><br><br>```html<br><p class=""pull"">lorem ipsum</p><br>```<br><br><ul><li>`Document.querySelector('class.pull')`</li><li>`document.querySelector('.pull');`</li><li>`Document.querySelector('pull')`</li><li>`Document.querySelector('#pull')`</li></ul>",`document.querySelector('.pull');`<br><br>[Reference query selector](https://developer.mozilla.org/en-US/docs/Web/API/Document/querySelector)<br>
<b> What value does this code return?</b><br><br>```js<br>let answer = true;<br>if (answer === false) {<br>return 0;<br>} else {<br>return 10;<br>}<br>```<br><br><ul><li>10</li><li>true</li><li>false</li><li>0</li></ul>,10<br><br>[Reference javascript conditionals](https://www.javascript.com/learn/conditionals)<br>
<b> What is the result in the console of running the code shown?</b><br><br>```js<br>var start = 1;<br>function setEnd() {<br>var end = 10;<br>}<br>setEnd();<br>console.log(end);<br>```<br><br><ul><li>10</li><li>0</li><li>ReferenceError</li><li>undefined</li></ul>,ReferenceError<br><br>[Reference](https://developer.mozilla.org/en-US/docs/Web/JavaScript/Closures)<br>
"<b> What will this code log in the console?</b><br><br>```js<br>function sayHello() {<br>console.log('hello');<br>}<br>console.log(sayHello.prototype);<br>```<br><br><ul><li>undefined</li><li>""hello""</li><li>an object with a constructor property</li><li>an error message</li></ul>",an object with a constructor property<br><br>[Reference prototypes](https://developer.mozilla.org/en-US/docs/Web/JavaScript/Inheritance_and_the_prototype_chain)<br>
<b> Which collection object allows unique value to be inserted only once?</b><br><ul><li>Object</li><li>Set</li><li>Array</li><li>Map</li></ul>,Set<br><br>[Reference javascript sets](https://developer.mozilla.org/en-US/docs/Web/JavaScript/Reference/Global_Objects/Set)<br>
<b> What two values will this code print?</b><br><br>```js<br>function printA() {<br>console.log(answer);<br>var answer = 1;<br>}<br>printA();<br>printA();<br>```<br><br><ul><li>`1` then `1`</li><li>`1` then `undefined`</li><li>`undefined` then `undefined`</li><li>`undefined` then `1`</li></ul>,`undefined` then `undefined`<br><br>[Reference](https://developer.mozilla.org/en-US/docs/Web/JavaScript/Closures)<br>
"<b> How does the `forEach()` method differ from a `for` statement?</b><br><ul><li>forEach allows you to specify your own iterator, whereas for does not.</li><li>forEach can be used only with strings, whereas for can be used with additional data types.</li><li>forEach can be used only with an array, whereas for can be used with additional data types.</li><li>for loops can be nested; whereas forEach loops cannot.</li></ul>","forEach can be used only with an array, whereas for can be used with additional data types.<br><br>[Reference Differences between forEach and for loop](https://www.geeksforgeeks.org/difference-between-foreach-and-for-loop-in-javascript/)<br>"
<b> Which choice is an incorrect way to define an arrow function that returns an empty object?</b><br><ul><li>=> `({})`</li><li>=> `{}`</li><li>=> `{ return {};}`</li><li>=> `(({}))`</li></ul>,=> `{}`<br><br>[Reference arrow functions](https://developer.mozilla.org/en-US/docs/Web/JavaScript/Reference/Functions/Arrow_functions)<br>
"<b> Why might you choose to make your code asynchronous?</b><br><ul><li>to start tasks that might take some time without blocking subsequent tasks from executing immediately</li><li>to ensure that tasks further down in your code are not initiated until earlier tasks have completed</li><li>to make your code faster</li><li>to ensure that the call stack maintains a LIFO (Last in, First Out) structure</li></ul>","to start tasks that might take some time without blocking subsequent tasks from executing immediately<br><br>**EXPLANATION:** `""to ensure that tasks further down in your code are not initiated until earlier tasks have completed"" you use the normal (synchronous) flow where each command is executed sequentially. Asynchronous code allows you to break this sequence: start a long running function (AJAX call to an external service) and continue running the rest of the code in parallel.`<br>"
<b> Which expression evaluates to true?</b><br><ul><li>`[3] == [3]`</li><li>`3 == '3'`</li><li>`3 != '3'`</li><li>`3 === '3'`1. [Reference booleans](https://developer.mozilla.org/en-US/docs/Web/JavaScript/Reference/Global_Objects/Boolean)<br>2. [Reference 2 - booleans](https://www.scaler.com/topics/boolean-in-javascript/)<br></li></ul>,`3 == '3'`
<b> Which of these is a valid variable name?</b><br><ul><li>5thItem</li><li>firstName</li><li>grand total</li><li>function</li></ul>,firstName<br><br>[Reference coding conventions](https://www.w3schools.com/js/js_conventions.asp)<br>
<b> Which method cancels event default behavior?</b><br><ul><li>`cancel()`</li><li>`stop()`</li><li>`preventDefault()`</li><li>`prevent()`</li></ul>,`preventDefault()`<br><br>[Reference javascript events](https://developer.mozilla.org/en-US/docs/Web/API/Event/preventDefault)<br>
<b> Which method do you use to attach one DOM node to another?</b><br><ul><li>`attachNode()`</li><li>`getNode()`</li><li>`querySelector()`</li><li>`appendChild()`</li></ul>,`appendChild()`<br><br>[Reference Node interface](https://developer.mozilla.org/en-US/docs/Web/API/Node/appendChild)<br>
<b> What statement can be used to skip an iteration in a loop?</b><br><ul><li>`break`</li><li>`pass`</li><li>`skip`</li><li>`continue`</li></ul>,`continue`<br><br>[Reference break vs continue](https://www.w3schools.com/js/js_break.asp)<br>
"<b> Which choice is a valid example for an arrow function?</b><br><ul><li>`(a,b) => c`</li><li>`a, b => {return c;}`</li><li>`a, b => c`</li><li>`{ a, b } => c`</li></ul>","`(a,b) => c`<br><br>[Reference arrow functions](https://developer.mozilla.org/en-US/docs/Web/JavaScript/Reference/Functions/Arrow_functions)<br>"
<b> Which concept is defined as a template that can be used to generate different objects that share some shape and/or behavior?</b><br><ul><li>class</li><li>generator function</li><li>map</li><li>proxy</li></ul>,class<br><br>[Reference javascript classes](https://developer.mozilla.org/en-US/docs/Web/JavaScript/Reference/Classes)<br>
<b> How do you add a comment to JavaScript code?</b><br><ul><li>`! This is a comment`</li><li>`# This is a comment`</li><li>`\\ This is a comment`</li><li>`// This is a comment`</li></ul>,`// This is a comment`<br><br>[Reference comments in javascript](https://www.w3schools.com/js/js_comments.asp)<br>
"<b> If you attempt to call a value as a function but the value is not a function, what kind of error would you get?</b><br><ul><li>TypeError</li><li>SystemError</li><li>SyntaxError</li><li>LogicError</li></ul>",TypeError<br><br>[Reference javascript errors](https://developer.mozilla.org/en-US/docs/web/javascript/reference/global_objects/error)<br>
<b> Which method is called automatically when an object is initialized?</b><br><ul><li>create()</li><li>new()</li><li>constructor()</li><li>init()</li></ul>,constructor()<br><br>[Reference javascript constructors](https://developer.mozilla.org/en-US/docs/Web/JavaScript/Reference/Classes/constructor)<br>
<b> What is the result of running the statement shown?</b><br><br>```js<br>let a = 5;<br>console.log(++a);<br>```<br><br><ul><li>4</li><li>10</li><li>6</li><li>5</li></ul>,6<br><br>[Reference ++x vs x++](https://developer.mozilla.org/en-US/docs/Web/JavaScript/Reference/Operators/Increment)<br>
"<b> You've written the event listener shown below for a form button, but each time you click the button, the page reloads. Which statement would stop this from happening?</b><br><br>```js<br>button.addEventListener(<br>'click',<br>function (e) {<br>button.className = 'clicked';<br>},<br>false,<br>);<br>```<br><br><ul><li>`e.blockReload();`</li><li>`button.preventDefault();`</li><li>`button.blockReload();`</li><li>`e.preventDefault();`</li></ul>",`e.preventDefault();`<br><br>[Reference events in javascript](https://developer.mozilla.org/en-US/docs/Web/API/Event/preventDefault)<br>
<b> Which statement represents the starting code converted to an IIFE?</b><br><ul><li>`function() { console.log('lorem ipsum'); }()();`</li><li>`function() { console.log('lorem ipsum'); }();`</li><li>`(function() { console.log('lorem ipsum'); })();`</li></ul>,`(function() { console.log('lorem ipsum'); })();`<br><br>[Reference what is an Immediately Invoked Function Expression](https://javascript.plainenglish.io/https-medium-com-javascript-in-plain-english-stop-feeling-iffy-about-using-an-iife-7b0292aba174)<br>
<b> Which statement selects all img elements in the DOM tree?</b><br><ul><li>`Document.querySelector('img')`</li><li>`Document.querySelectorAll('<img>')`</li><li>`Document.querySelectorAll('img')`</li><li>`Document.querySelector('<img>')`</li></ul>,`Document.querySelectorAll('img')`<br><br>[Reference query selector](https://developer.mozilla.org/en-US/docs/Web/API/Document/querySelector)<br>
<b> Why would you choose an asynchronous structure for your code?</b><br><ul><li>To use ES6 syntax</li><li>To start tasks that might take some time without blocking subsequent tasks from executing immediately</li><li>To ensure that parsers enforce all JavaScript syntax rules when processing your code</li><li>To ensure that tasks further down in your code aren't initiated until earlier tasks have completed</li></ul>,To start tasks that might take some time without blocking subsequent tasks from executing immediately<br><br>[Reference async function](https://developer.mozilla.org/en-US/docs/Web/JavaScript/Reference/Statements/async_function)<br>
<b> What is the HTTP verb to request the contents of an existing resource?</b><br><ul><li>DELETE</li><li>GET</li><li>PATCH</li><li>POST</li></ul>,GET<br><br>[Reference http methods](https://developer.mozilla.org/en-US/docs/Web/HTTP/Methods)<br>
"<b> Which event is fired on a text field within a form when a user tabs to it, or clicks or touches it?</b><br><ul><li>focus</li><li>blur</li><li>hover</li><li>enter</li></ul>",focus<br><br>[Reference javascript events](https://developer.mozilla.org/en-US/docs/Web/Events)<br>
<b> What is the result in the console of running this code?</b><br><br>```js<br>function logThis() {<br>console.log(this);<br>}<br>logThis();<br>```<br><br><ul><li>function</li><li>undefined</li><li>Function.prototype</li><li>window</li></ul>,window<br><br>[Reference what is the javascript window](https://www.w3schools.com/js/js_window.asp)<br>
<b> Which class-based component is equivalent to this function component?</b><br><br>```js<br>const Greeting = ({ name }) => <h1>Hello {name}!</h1>;<br>```<br><br><ul><li>`class Greeting extends React.Component { render() { return <h1>Hello {this.props.name}!</h1>; } }`</li><li>`class Greeting extends React.Component { constructor() { return <h1>Hello {this.props.name}!</h1>; } }`</li><li>`class Greeting extends React.Component { <h>Hello {this.props.name}!</h>; } }`</li><li>`class Greeting extends React.Component { render({ name }) { return <h1>Hello {name}!</h1>; } }`</li></ul>,`class Greeting extends React.Component { render() { return <h1>Hello {this.props.name}!</h1>; } }`
"<b> Which class-based lifecycle method would be called at the same time as this effect Hook?</b><br><br>```js<br>useEffect(() => {<br>// do things<br>}, []);<br>```<br><br><ul><li>componentWillUnmount</li><li>componentDidUpdate</li><li>render</li><li>componentDidMount</li></ul>",componentDidMount<br><br>[Reference](https://reactjs.org/docs/react-component.html)<br>
<b> What is the output of this code?</b><br><br>```js<br>var obj;<br>console.log(obj);<br>```<br><br><ul><li>`ReferenceError: obj is not defined`</li><li>`{}`</li><li>`undefined`</li><li>`null`</li></ul>,`undefined`<br><br>[Reference working with objects](https://developer.mozilla.org/en-US/docs/Web/JavaScript/Guide/Working_with_Objects)<br>
<b> How would you use the TaxCalculator to determine the amount of tax on \$</b><br><br>```js<br>class TaxCalculator {<br>static calculate(total) {<br>return total * 0.05;<br>}<br>}<br>```<br><br><ul><li>calculate(50);</li><li>new TaxCalculator().calculate(\$50);</li><li>TaxCalculator.calculate(50);</li><li>new TaxCalculator().calculate(50);</li></ul>,TaxCalculator.calculate(50);<br><br>[Reference functions in javascript](https://www.w3schools.com/js/js_functions.asp)<br>
"<b> What is wrong with this code?</b><br><br>```js<br>const foo = {<br>bar() {<br>console.log('Hello, world!');<br>},<br>name: 'Albert',<br>age: 26,<br>};<br>```<br><br><ul><li>The function bar needs to be defined as a key/value pair.</li><li>Trailing commas are not allowed in JavaScript.</li><li>Functions cannot be declared as properties of objects.</li><li>Nothing, there are no errors.1. [Reference functions in javascript](https://www.w3schools.com/js/js_functions.asp)<br>2. [Reference working with objects](https://developer.mozilla.org/en-US/docs/Web/JavaScript/Guide/Working_with_Objects)<br></li></ul>","Nothing, there are no errors.1. [Reference functions in javascript](https://www.w3schools.com/js/js_functions.asp)<br>2. [Reference working with objects](https://developer.mozilla.org/en-US/docs/Web/JavaScript/Guide/Working_with_Objects)<br>"
"<b> What will be logged to the console?</b><br><br>```js<br>console.log('I');<br>setTimeout(() => {<br>console.log('love');<br>}, 0);<br>console.log('Javascript!');<br>```<br><br><ul><li>.```plaintext<br>I<br>Javascript!<br>love<br>```<br></li><li>.```plaintext<br>love<br>I<br>Javascript!<br>```<br></li><li>The output may change with each execution of code and cannot be determined.</li><li>.```plaintext<br>I<br>love<br>Javascript!<br>```<br></li></ul>",.```plaintext<br>I<br>Javascript!<br>love<br>```<br><br><br>**Reference**<br>https://developer.mozilla.org/en-US/docs/Web/API/setTimeout#reasons_for_delays_longer_than_specified especially see the 'late timeouts' section.<br>
"<b> What will this code log to the console?</b><br><br>```js<br>const foo = [1, 2, 3];<br>const [n] = foo;<br>console.log(n);<br>```<br><br><ul><li>1</li><li>undefined</li><li>NaN</li><li>Nothing--this is not proper JavaScript syntax and will throw an error.</li></ul>",1<br><br>[Reference array deconstruction](https://developer.mozilla.org/en-US/docs/Web/JavaScript/Reference/Operators/Destructuring_assignment)<br>
"<b> How do you remove the property name from this object?</b><br><br>```js<br>const foo = {<br>name: 'Albert',<br>};<br>```<br><br><ul><li>delete name from foo;</li><li>delete foo.name;</li><li>del foo.name;</li><li>remove foo.name;</li></ul>",delete foo.name;<br><br>[Reference working with objects](https://developer.mozilla.org/en-US/docs/Web/JavaScript/Guide/Working_with_Objects)<br>
"<b> What is the difference between the `map()` and the `forEach()` methods on the Array prototype?</b><br><ul><li>There is no difference.</li><li>The `forEach()` method returns a single output value, whereas the `map()` method performs operation on each value in the array.</li><li>The map() methods returns a new array with a transformation applied on each item in the original array, whereas the `forEach()` method iterates through an array with no return value.</li><li>The `forEach()` methods returns a new array with a transformation applied on each item in the original array, whereas the `map()` method iterates through an array with no return value.1. [Reference map](https://developer.mozilla.org/en-US/docs/Web/JavaScript/Reference/Global_Objects/Map)<br>2. [Reference Differences between forEach and for loop](https://www.geeksforgeeks.org/difference-between-foreach-and-for-loop-in-javascript/)<br></li></ul>","The map() methods returns a new array with a transformation applied on each item in the original array, whereas the `forEach()` method iterates through an array with no return value."
<b> Which concept does this code illustrate?</b><br><br>```js<br>function makeAdder(x) {<br>return function (y) {<br>return x + y;<br>};<br>}<br>var addFive = makeAdder(5);<br>console.log(addFive(3));<br>```<br><br><ul><li>overloading</li><li>closure</li><li>currying</li><li>overriding</li></ul>,currying<br><br>[Reference currying](https://javascript.info/currying-partials)<br>
<b> Which tag pair is used in HTML to embed JavaScript?</b><br><ul><li>`<script></script>`</li><li>`<js></js>`</li><li>`<javascript></javascript>`</li><li>`<code></code>`</li></ul>,`<script></script>`<br><br>[Reference add js to html file](https://www.w3schools.com/tags/tag_script.asp)<br>
"<b> If your app receives data from a third-party API, which HTTP response header must the server specify to allow exceptions to the same-origin policy?</b><br><ul><li>Security-Mode</li><li>Access-Control-Allow-Origin</li><li>Different-Origin</li><li>Same-Origin</li></ul>",Access-Control-Allow-Origin<br><br>[Reference Cross-Origin Resource Sharing](https://developer.mozilla.org/en-US/docs/Web/HTTP/CORS)<br>
"<b> What is the output of this code?</b><br><br>```js<br>let rainForests = ['Amazon', 'Borneo', 'Cerrado', 'Congo'];<br>rainForests.splice(0, 2);<br>console.log(rainForests);<br>```<br><br><ul><li>`[""Amazon"",""Borneo"",""Cerrado"",""Congo""]`</li><li>`[""Cerrado"", ""Congo""]`</li><li>`[""Congo""]`</li><li>`[""Amazon"",""Borneo""]`</li></ul>","`[""Cerrado"", ""Congo""]`<br><br>[Reference array methods](https://developer.mozilla.org/en-US/docs/Web/JavaScript/Reference/Global_Objects/Array)<br>"
"<b> Which missing line would allow you to create five variables(one,two,three,four,five) that correspond to their numerical values (</b><br><br>```js<br>const numbers = [1, 2, 3, 4, 5];<br>//MISSING LINE<br>```<br><br><ul><li>`const [one,two,three,four,five]=numbers`</li><li>`const {one,two,three,four,five}=numbers`</li><li>`const [one,two,three,four,five]=[numbers]`</li><li>`const {one,two,three,four,five}={numbers}`</li></ul>","`const [one,two,three,four,five]=numbers`<br><br>[Reference array destructuring](https://developer.mozilla.org/en-US/docs/Web/JavaScript/Reference/Operators/Destructuring_assignment)<br>"
"<b> What will this code print?</b><br><br>```js<br>const obj = {<br>a: 1,<br>b: 2,<br>c: 3,<br>};<br>const obj2 = {<br>...obj,<br>a: 0,<br>};<br>console.log(obj2.a, obj2.b);<br>```<br><br><ul><li>Nothing, it will throw an error</li><li>0 2</li><li>undefined 2</li><li>undefined 2</li></ul>",0 2<br><br>[Reference spread syntax es6](https://developer.mozilla.org/en-US/docs/Web/JavaScript/Reference/Operators/Spread_syntax)<br>
"<b> Which line could you add to this code to print ""jaguar"" to the console?</b><br><br>```js<br>let animals = ['jaguar', 'eagle'];<br>//Missing Line<br>console.log(animals.pop()); //Prints jaguar<br>```<br><br><ul><li>`animals.filter(e => e === ""jaguar"");`</li><li>`animals.reverse();`</li><li>`animals.shift();`</li><li>`animals.pop();`</li></ul>",`animals.pop();`<br><br>[Reference Javascript Array pop()](https://www.w3schools.com/jsref/jsref_pop.asp)<br>shift() - removes the FIRST element of an array and returns the removed item.<br>pop() - removes the LAST element of an array and returns the removed item.<br>reverse() - reverses the order of the elements in an array.<br>filter() - get every element in the array that meets the condition.<br>
"<b> What line is missing from this code?</b><br><br>```js<br>//Missing Line<br>for (var i = 0; i < vowels.length; i++) {<br>console.log(vowels[i]);<br>//Each letter printed on a separate line as follows;<br>//a<br>//e<br>//i<br>//o<br>//u<br>}<br>```<br><br><ul><li>`let vowels = ""aeiou"".toArray();`</li><li>`let vowels = Array.of(""aeiou"");`</li><li>`let vowels = {""a"", ""e"", ""i"", ""o"", ""u""};`</li><li>`let vowels = ""aeiou"";`</li></ul>","`let vowels = ""aeiou"";`<br><br>[Reference working with arrays](https://www.w3schools.com/js/js_arrays.asp)<br>"
<b> What will be logged to the console?</b><br><br>```js<br>const x = 6 % 2;<br>const y = x ? 'One' : 'Two';<br>console.log(y);<br>```<br><br><ul><li>undefined</li><li>One</li><li>true</li><li>Two</li></ul>,Two<br><br>**Note:** `this question is same with Q46.`<br>[Reference ternary operator js](https://developer.mozilla.org/en-US/docs/Web/JavaScript/Reference/Operators/Conditional_Operator)<br>
"<b> How would you access the word It from this multidimensional array?</b><br><br>`let matrix = [[""You"",""Can""],[""Do"",""It""],[""!"",""!"",""!""]];`<br><br><ul><li>`matrix[1[2]]`</li><li>`matrix[1][1]`</li><li>`matrix[1,2]`</li><li>`matrix[1][2]`</li></ul>",`matrix[1][1]`
"<b> What does this code do?</b><br><br>```js<br>const animals = ['Rabbit', 'Dog', 'Cat'];<br>animals.unshift('Lizard');<br>```<br><br><ul><li>It adds ""Lizard"" to the start of the animals array.</li><li>It adds ""Lizard"" to the end of the animals array.</li><li>It replaces ""Rabbit"" with ""Lizard"" in the animals array.</li><li>It replaces ""Cat"" with ""Lizard"" in the animals array.</li></ul>","It adds ""Lizard"" to the start of the animals array.<br><br>[Reference working with arrays](https://www.w3schools.com/js/js_arrays.asp)<br>"
<b> What is the output of this code?</b><br><br>```js<br>let x = 6 + 3 + '3';<br>console.log(x);<br>```<br><br><ul><li>93</li><li>12</li><li>66</li><li>633</li></ul>,93<br><br>[Reference type coercion](https://www.freecodecamp.org/news/js-type-coercion-explained-27ba3d9a2839/)<br>
<b> Which statement can take a single expression as input and then look through a number of choices until one that matches that value is found?</b><br><ul><li>else</li><li>when</li><li>if</li><li>switch</li></ul>,switch<br><br>[Reference switch](https://developer.mozilla.org/en-US/docs/Web/JavaScript/Reference/Statements/switch)<br>
"<b> Which statement prints ""roar"" to the console?</b><br><br>```js<br>var sound = 'grunt';<br>var bear = { sound: 'roar' };<br>function roar() {<br>console.log(this.sound);<br>}<br>```<br><br><ul><li>`bear.bind(roar);`</li><li>`roar.bind(bear);`</li><li>`roar.apply(bear);`</li><li>`bear[roar]();`1. [Reference Apply](https://developer.mozilla.org/en-US/docs/Web/JavaScript/Reference/Global_Objects/Function/apply)<br>2. [Reference this](https://developer.mozilla.org/en-US/docs/Web/JavaScript/Reference/Operators/this)<br>3. [Reference bind](https://developer.mozilla.org/en-US/docs/Web/JavaScript/Reference/Global_objects/Function/bind)<br></li></ul>",`roar.apply(bear);`
"<b> Which choice is a valid example of an arrow function, assuming c is defined in the outer scope?</b><br><ul><li>`a, b => { return c; }`</li><li>`a, b => c`</li><li>`{ a, b } => c`</li><li>`(a,b) => c`</li></ul>","`(a,b) => c`<br><br>[Reference arrow functions](https://developer.mozilla.org/en-US/docs/Web/JavaScript/Reference/Functions/Arrow_functions)<br>"
<b> Which statement correctly imports this code from some-file.js?</b><br><br>```js<br>//some-file.js<br>export const printMe = (str) => console.log(str);<br>```<br><br><ul><li>`import printMe from './some-file';`</li><li>`import { printMe } from './some-file';`</li><li>`import default as printMe from './some-file';`</li><li>`const printMe = import './some-file';`</li></ul>,`import { printMe } from './some-file';`<br><br>[Reference importing libraries in javascript](https://developer.mozilla.org/en-US/docs/Web/JavaScript/Reference/Statements/import)<br>
"<b> What will be the output of this code?</b><br><br>```js<br>const arr1 = [2, 4, 6];<br>const arr2 = [3, 5, 7];<br>console.log([...arr1, ...arr2]);<br>```<br><br><ul><li>`[2, 3, 4, 5, 6, 7]`</li><li>`[3,5,7,2,4,6]`</li><li>`[3, 5, 7, 2, 4, 6]`</li><li>`[[2, 4, 6], [3, 5, 7]]`</li><li>`[2, 4, 6, 3, 5, 7]`</li></ul>","`[2, 4, 6, 3, 5, 7]`<br><br>[Reference spread syntax](https://developer.mozilla.org/en-US/docs/Web/JavaScript/Reference/Operators/Spread_syntax)<br>"
<b> Which method call is chained to handle a successful response returned by `fetch()`?</b><br><ul><li>`done()`</li><li>`then()`</li><li>`finally()`</li><li>`catch()`</li></ul>,`then()`<br><br>[Reference fetch](https://developer.mozilla.org/en-US/docs/Web/API/Fetch_API/Using_Fetch)<br>
<b> Which choice is not an array method?</b><br><ul><li>`array.slice()`</li><li>`array.shift()`</li><li>`array.push()`</li><li>`array.replace()`</li></ul>,`array.replace()`<br><br>[Reference working with arrays](https://www.w3schools.com/js/js_arrays.asp)<br>
<b> Which JavaScript loop ensures that at least a singular iteration will happen?</b><br><ul><li>do…while</li><li>forEach</li><li>while</li><li>for</li></ul>,do…while<br><br>[Reference loops in js](https://developer.mozilla.org/en-US/docs/Web/JavaScript/Reference/Statements/do...while)<br>
<b> What will be logged to the console?</b><br><br>```js<br>console.log(typeof 'blueberry');<br>```<br><br><ul><li>`string`</li><li>`array`</li><li>`Boolean`</li><li>`object`</li></ul>,`string`<br><br>[Reference what is typeof](https://developer.mozilla.org/en-US/docs/Web/JavaScript/Reference/Operators/typeof)<br>
"<b> What is the output that is printed when the div containing the text ""Click Here"" is clicked?</b><br><br>```html<br>//HTML Markup<br><div id=""A""><br><div id=""B""><br><div id=""C"">Click Here</div><br></div><br></div><br>```<br>```js<br>//JavaScript<br>document.querySelectorAll('div').forEach((e) => {<br>e.onclick = (e) => console.log(e.currentTarget.id);<br>});<br>```<br><br><ul><li>C B A</li><li>A</li><li>C</li><li>A B C1. [Reference query selector](https://developer.mozilla.org/en-US/docs/Web/API/Document/querySelector)<br>2. [Reference events](https://developer.mozilla.org/en-US/docs/Web/Events)<br></li></ul>",C B A
"<b> What will this code log to the console?</b><br><br>```js<br>const myNumbers = [1, 2, 3, 4, 5, 6, 7];<br>const myFunction = (arr) => {<br>return arr.map((x) => x + 3).filter((x) => x < 7);<br>};<br>console.log(myFunction(myNumbers));<br>```<br><br><ul><li>`[4,5,6,7,8,9,10]`</li><li>`[4,5,6,7]`</li><li>`[1,2,3,4,5,6]`</li><li>`[4,5,6]`</li></ul>","`[4,5,6]`<br><br>[Reference functions in javascript](https://www.w3schools.com/js/js_functions.asp)<br>"
<b> What does this code print to the console?</b><br><br>```js<br>let rainForestAcres = 10;<br>let animals = 0;<br>while (rainForestAcres < 13 || animals <= 2) {<br>rainForestAcres++;<br>animals += 2;<br>}<br>console.log(animals);<br>```<br><br><ul><li>2</li><li>4</li><li>6</li><li>8</li></ul>,6<br><br>[Reference MDN JavaScript Looping code](https://developer.mozilla.org/en-US/docs/Learn/JavaScript/Building_blocks/Looping_code)<br>
"<b> Which snippet could you add to this code to print ""YOU GOT THIS"" to the console?</b><br><br>```js<br>let cipherText = [...'YZOGUT QGMORTZ MTRHTILS'];<br>let plainText = '';<br>/* Missing Snippet */<br>console.log(plainText); //Prints YOU GOT THIS<br>```<br><br><ul><li>A```js<br>for (let key of cipherText.keys()) {<br>plainText += key % 2 === 0 ? key : ' ';<br>}<br>```<br></li><li>B```js<br>for (let [index, value] of cipherText.entries()) {<br>plainText += index % 2 !== 0 ? value : '';<br>}<br>```<br></li><li>C```js<br>for (let [index, value] of cipherText.entries()) {<br>plainText += index % 2 === 0 ? value : '';<br>}<br>```<br></li><li>D```js<br>for (let value of cipherText) {<br>plainText += value;<br>}<br>```<br>1. [Reference MDN JavaScript Destructuring](https://developer.mozilla.org/en-US/docs/Web/JavaScript/Reference/Operators/Destructuring_assignment)<br>2. [Reference MDN JavaScript Array entries](https://developer.mozilla.org/en-US/docs/Web/JavaScript/Reference/Global_Objects/Array/entries)<br>3. [Reference MDN JavaScript Remainder/Modulo](https://developer.mozilla.org/en-US/docs/Web/JavaScript/Reference/Operators/Remainder)<br></li></ul>","C```js<br>for (let [index, value] of cipherText.entries()) {<br>plainText += index % 2 === 0 ? value : '';<br>}<br>```<br>"
"<b> Which Pokemon will be logged to the console?</b><br><br>```js<br>var pokedex = ['Snorlax', 'Jigglypuff', 'Charmander', 'Squirtle'];<br>pokedex.pop();<br>console.log(pokedex.pop());<br>```<br><br><ul><li>Charmander</li><li>Jigglypuff</li><li>Snorlax</li><li>Squirtle</li></ul>",Charmander<br><br>**Explanation**: `The pop() method removes the last element from an array and returns that element. This method changes the length of the array.`<br>[Reference Array.pop](https://developer.mozilla.org/en-US/docs/Web/JavaScript/Reference/Global_Objects/Array/pop)<br>
"<b> Which statement can be used to select the element from the DOM containing the text ""The LinkedIn Learning library has great JavaScript courses"" from this markup?</b><br><br>```html<br><h1 class=""content"">LinkedIn Learning</h1><br><div class=""content""><br><span class=""content"">The LinkedIn Learning library has great JavaScript courses!</span><br></div><br>```<br><br><ul><li>document.querySelector(""div.content"")</li><li>document.querySelector(""span.content"")</li><li>document.querySelector("".content"")</li><li>document.querySelector(""div.span"")</li></ul>","document.querySelector(""span.content"")"
<b> Which value is not falsey?</b><br><ul><li>`[]`</li><li>`undefined`</li><li>`0`</li><li>`null`</li></ul>,`[]`<br><br>[Reference Falsy](https://developer.mozilla.org/en-US/docs/Glossary/Falsy)<br>
"<b> What line of code causes this code segment to throw an error?</b><br><br>```js<br>const lion = 1;<br>let tiger = 2;<br>var bear;<br>++lion;<br>bear += lion + tiger;<br>tiger++;<br>```<br><br><ul><li>`line 5, because lion cannot be reassigned a value`</li><li>`line 6, because the += operator cannot be used with the undefined variable bear`</li><li>`line 5, because the prefix (++) operator does not exist in JavaScript`</li><li>`line 3, because the variable bear is left undefined`1. [Reference const in js](https://developer.mozilla.org/en-US/docs/Web/JavaScript/Reference/Statements/const)<br>2. [Reference TypeError: invalid assignment to const ""x""](https://developer.mozilla.org/en-US/docs/Web/JavaScript/Reference/Errors/Invalid_const_assignment)<br></li></ul>","`line 5, because lion cannot be reassigned a value`"
"<b> What will be the value of `result` after running this code?</b><br><br>```js<br>const person = { name: 'Dave', age: 40, hairColor: 'blue' };<br>const result = Object.keys(person).map((x) => x.toUpperCase());<br>```<br><br><ul><li>It will throw a TypeError.</li><li>`[""Name"", ""Age"", ""HairColor""]`</li><li>`[""DAVE"", 40, ""BLUE""]`</li><li>`[""NAME"", ""AGE"", ""HAIRCOLOR""]`1. [Reference Object.keys()](https://developer.mozilla.org/en-US/docs/Web/JavaScript/Reference/Global_Objects/Object/keys)<br>2. [Reference Array.prototype.map()](https://developer.mozilla.org/en-US/docs/Web/JavaScript/Reference/Global_Objects/Array/map)<br>3. [Reference String.prototype.toUpperCase()](https://developer.mozilla.org/en-US/docs/Web/JavaScript/Reference/Global_Objects/String/toUpperCase)<br></li></ul>","`[""NAME"", ""AGE"", ""HAIRCOLOR""]`1. [Reference Object.keys()](https://developer.mozilla.org/en-US/docs/Web/JavaScript/Reference/Global_Objects/Object/keys)<br>2. [Reference Array.prototype.map()](https://developer.mozilla.org/en-US/docs/Web/JavaScript/Reference/Global_Objects/Array/map)<br>3. [Reference String.prototype.toUpperCase()](https://developer.mozilla.org/en-US/docs/Web/JavaScript/Reference/Global_Objects/String/toUpperCase)<br>"
"<b> Which snippet could you insert to this code to print ""swim"" to the console?</b><br><br>```js<br>let animals = [""eagle"", ""osprey"", ""salmon""];<br>let key = animal => animal === ""salmon"";<br>if(/* Insert Snippet Here */){<br>console.log(""swim"");<br>}<br>```<br><br><ul><li>`animals.every(key)`</li><li>`animals.some(key).length === 1`</li><li>`animals.filter(key) === true`</li><li>`animals.some(key)`</li></ul>",`animals.some(key)`<br><br>[Reference Array.prototype.some](https://developer.mozilla.org/en-US/docs/Web/JavaScript/Reference/Global_Objects/Array/some)<br>
"<b> What is the output of this code?</b><br><br>```js<br>class RainForest {<br>static minimumRainFall = 60;<br>}<br>let congo = new RainForest();<br>RainForest.minimumRainFall = 80;<br>console.log(congo.minimumRainFall);<br>```<br><br><ul><li>`undefined`</li><li>`None of these answers, as static is not a feature in Javascript.`</li><li>`60`</li><li>`80`</li></ul>",`undefined`<br><br>[Reference Classes static](https://developer.mozilla.org/en-US/docs/Web/JavaScript/Reference/Classes/static)<br>
<b> How can you attempt to access the property `a.b` on `obj` without throwing an error if a is undefined?</b><br><br>```js<br>let obj = {};<br>```<br><br><ul><li>`obj?.a.b`</li><li>`obj.a?.b`</li><li>`obj[a][b]`</li><li>`obj.?a.?b`</li></ul>,`obj.a?.b`<br><br>[Reference Optional chaining (?.)](https://developer.mozilla.org/en-US/docs/Web/JavaScript/Reference/Operators/Optional_chaining)<br>
<b> What happens when you run this code?</b><br><br>```js<br>if (true) {<br>var x = 5;<br>const y = 6;<br>let z = 7;<br>}<br>console.log(x + y + z);<br>```<br><br><ul><li>It will throw a `ReferenceError` about `x`.</li><li>It will print `18`.</li><li>It will print `undefined`.</li><li>It will throw a `ReferenceError` about `y`.</li></ul>,It will throw a `ReferenceError` about `y`.<br><br>[Reference let statement](https://developer.mozilla.org/en-US/docs/Web/JavaScript/Reference/Statements/let)<br>
"<b> What does this code print to the console?</b><br><br>```js<br>const x = [1, 2];<br>const y = [5, 7];<br>const z = [...x, ...y];<br>console.log(z);<br>```<br><br><ul><li>`[1,2,5,7]`</li><li>`[[1, 2], [5, 7]]`</li><li>`[2,7]`</li><li>`[2,1,7,5]`</li></ul>","`[1,2,5,7]`<br><br>[Reference spread syntax (...)](https://developer.mozilla.org/en-US/docs/Web/JavaScript/Reference/Operators/Spread_syntax)<br>"
"<b> Given this code, which statement will evaluate to false?</b><br><br>```js<br>const a = { x: 1 };<br>const b = { x: 1 };<br>```<br><br><ul><li>`a['x'] === b['x']`</li><li>`a != b`</li><li>`a === b`</li><li>`a.x === b.x`</li></ul>",`a === b`<br><br>[Reference](http://adripofjavascript.com/blog/drips/object-equality-in-javascript.html)<br>
<b> What will this code log to the console?</b><br><br>```js<br>console.log(typeof 41.1);<br>```<br><br><ul><li>`Nothing. It resuults in a ReferenceError.`</li><li>`decimal`</li><li>`float`</li><li>`number`</li></ul>,`number`<br><br>[Reference](https://developer.mozilla.org/en-US/docs/Web/JavaScript/Reference/Operators/typeof#basic_usage)<br>
"<b> What is the output of this code?</b><br><br>```js<br>let scores = [];<br>scores.push(1, 2);<br>scores.pop();<br>scores.push(3, 4);<br>scores.pop();<br>score = scores.reduce((a, b) => a + b);<br>console.log(score);<br>```<br><br><ul><li>`3`</li><li>`4`</li><li>`6`</li><li>`7`1. [Reference Array.prototype.push()](https://developer.mozilla.org/en-US/docs/Web/JavaScript/Reference/Global_Objects/Array/push)<br>2. [Reference Array.prototype.pop()](https://developer.mozilla.org/en-US/docs/Web/JavaScript/Reference/Global_Objects/Array/pop)<br>3. [Reference Array.prototype.reduce()](https://developer.mozilla.org/en-US/docs/Web/JavaScript/Reference/Global_Objects/Array/reduce)<br></li></ul>",`4`
"<b> What does this code print to the console?</b><br><br>```js<br>let bear = {<br>sound: 'roar',<br>roar() {<br>console.log(this.sound);<br>},<br>};<br>bear.sound = 'grunt';<br>let bearSound = bear.roar;<br>bearSound();<br>```<br><br><ul><li>`Nothing is printed to the console.`</li><li>`grunt`</li><li>`undefined`</li><li>`roar`</li></ul>",`undefined`<br><br>[Reference](https://developer.mozilla.org/en-US/docs/Web/JavaScript/Guide/Working_with_Objects)<br>
<b> What is the output of this code?</b><br><br>```js<br>var cat = { name: 'Athena' };<br>function swap(feline) {<br>feline.name = 'Wild';<br>feline = { name: 'Tabby' };<br>}<br>swap(cat);<br>console.log(cat.name);<br>```<br><br><ul><li>undefined</li><li>Wild</li><li>Tabby</li><li>Athena</li></ul>,Wild
<b> What will this code output to the log?</b><br><br>```js<br>var thing;<br>let func = (str = 'no arg') => {<br>console.log(str);<br>};<br>func(thing);<br>func(null);<br>```<br><br><ul><li>null no arg</li><li>no arg no arg</li><li>null null</li><li>no arg null</li></ul>,no arg null
<b> What will this code print to the console?</b><br><br>```js<br>const myFunc = () => {<br>const a = 2;<br>return () => console.log('a is ' + a);<br>};<br>const a = 1;<br>const test = myFunc();<br>test();<br>```<br><br><ul><li>a is 1</li><li>a is undefined</li><li>It won't print anything.</li><li>a is 2</li></ul>,a is 2
"<b> What will this code print to the console?</b><br><br>```js<br>const myFunc = (num1, num2 = 2, num3 = 2) => {<br>return num1 + num2 + num3;<br>};<br>let values = [1, 5];<br>const test = myFunc(2, ...values);<br>console.log(test);<br>```<br><br><ul><li>8</li><li>6</li><li>2</li><li>12</li></ul>",8
"<b> Which code would you use to access the Irish flag?</b><br><br>```js<br>var flagsJSON =<br>'{ ""countries"" : [' +<br>'{ ""country"":""Ireland"" , ""flag"":""🇮🇪"" },' +<br>'{ ""country"":""Serbia"" , ""flag"":""🇷🇸"" },' +<br>'{ ""country"":""Peru"" , ""flag"":""🇵🇪"" } ]}';<br>var flagDatabase = JSON.parse(flagsJSON);<br>```<br><br><ul><li>flagDatabase.countries[1].flag</li><li>flagDatabase.countries[0].flag</li><li>flagDatabase[1].flag</li><li>flagsJSON.countries[0].flag</li></ul>",flagDatabase.countries[0].flag
<b> Which snippet allows the acresOfRainForest variable to increase?</b><br><br>```js<br>let conservation = true;<br>let deforestation = false;<br>let acresOfRainForest = 100;<br>if (/* Snipped goes here */){<br>++acresOfRainForest;<br>}<br>```<br><br><ul><li>conservation && !deforestation</li><li>!deforestation && !conservation</li><li>!conservation || deforestation</li><li>deforestation && conservation || deforestation</li></ul>,conservation && !deforestation
"<b> Which of these evaluate to true?</b><br><ul><li>Boolean(""false"")</li><li>Boolean("""")</li><li>Boolean(0)</li><li>Boolean(NaN)</li></ul>","Boolean(""false"")"
"<b> How would you add a data item named animal with a value of sloth to local storage for the current domain?</b><br><ul><li>LocalStorage.setItem(""animal"",""sloth"");</li><li>document.localStorage.setItem(""animal"",""sloth"");</li><li>localStorage.setItem({animal:""sloth""});</li><li>localStorage.setItem(""animal"",""sloth"");</li></ul>","document.localStorage.setItem(""animal"",""sloth"");<br><br>[Reference](https://blog.logrocket.com/localstorage-javascript-complete-guide/#setitem)<br>"
"<b> What value is printed to the console after this code execute?</b><br><br>```js<br>let cat = Object.create({ type: 'lion' });<br>cat.size = 'large';<br>let copyCat = { ...cat };<br>cat.type = 'tiger';<br>console.log(copyCat.type, copyCat.size);<br>```<br><br><ul><li>tiger large</li><li>lion undefined</li><li>undefined large</li><li>lion large</li></ul>",undefined large<br><br>[Reference](https://blog.logrocket.com/localstorage-javascript-complete-guide/#setitem)<br>
"<b> What does this code print to the console?</b><br><br>```js<br>let animals = [{ type: 'lion' }, 'tiger'];<br>let clones = animals.slice();<br>clones[0].type = 'bear';<br>clones[1] = 'sheep';<br>console.log(animals[0].type, clones[0].type);<br>console.log(animals[1], clones[1]);<br>```<br><br><ul><li>bear beartiger sheep<br></li><li>lion bearsheep sheep<br></li><li>bear beartiger tiger<br></li><li>lion beartiger sheep<br></li></ul>",bear beartiger sheep<br><br><br>[Reference](https://blog.logrocket.com/localstorage-javascript-complete-guide/#setitem)<br>
<b> What will be the output of the following code.</b><br><br>```js<br>a=5;<br>b=4;<br>alert(a++(+(+(+b))));<br>```<br><br><ul><li>18</li><li>10</li><li>9</li><li>20</li></ul>,9
"<b> Which snippet could you add to this code to print ""{""type"": ""tiger""}"" to the console?</b><br><br>```js<br>let cat = { type: ""tiger"", size: ""large"" };<br>let json = /* Snippet here */;<br>console.log(json); // print {""type"":""tiger""}<br>```<br><br><ul><li>`cat.toJSON(""type"");`</li><li>`JSON.stringify(cat, [""type""]);`</li><li>`JSON.stringify(cat);`</li><li>`JSON.stringify(cat, /type/);`</li></ul>","`JSON.stringify(cat, [""type""]);`<br><br>[Reference](https://www.w3schools.com/jsref/jsref_stringify.asp)<br>"
<b> Which document method is not used to get a reference to a DOM node?</b><br><ul><li>document.getNode();</li><li>document.getElementsByClassName();</li><li>document.querySelectorAll();</li><li>document.querySelector();</li></ul>,"document.getNode();<br><br>[Reference](<https://developer.mozilla.org/en-US/docs/Web/API/Document/getElementById#:~:text=querySelector()%20and%20Document.,element%20objects%20in%20the%20DOM.>)<br>"
"<b> In JavaScript, all objects inherit a built-in property from a **\*\*\*\***\_\_\_**\*\*\*\***.</b><br><ul><li>node</li><li>instance variable</li><li>prototype</li><li>accessor</li></ul>",prototype<br><br>[Reference](https://www.freecodecamp.org/news/javascript-prototype-explained-with-examples/)<br>
<b> Which of the following are not server-side Javascript objects?</b><br><ul><li>Date</li><li>FileUpload</li><li>Function</li><li>All of the above</li></ul>,All of the above
"<b> What will be the output of the following code snippet?</b><br><br>```javascript<br>const obj1 = { first: 20, second: 30, first: 50 };<br>console.log(obj1);<br>```<br><br><ul><li>first: 30 , second: 50</li><li>first: 50 , second: 30</li><li>first: 30 , second: 20</li><li>None of the above</li></ul>","first: 50 , second: 30"
<b> Which object in Javascript doesn’t have a prototype?</b><br><ul><li>Base Object</li><li>All objects have prototype</li><li>None of the objects have prototype</li><li>None of the above</li></ul>,Base Object
<b> What does … operator do in JS?</b><br><ul><li>Used to spread iterables to individual elements</li><li>Describe datatype of undefined</li><li>No such operator exists</li><li>None of the above</li></ul>,Used to spread iterables to individual elements
<b> How to stop an interval timer in Javascript?</b><br><ul><li>clearInterval</li><li>clearTimer</li><li>intervalOver</li><li>None of the above</li></ul>,clearInterval<br><br>[Reference](https://www.interviewbit.com/javascript-mcq/)<br>
<b> What will be the output of the following code snippet?</b><br><br>```javascript<br>print(typeof NaN);<br>```<br><br><ul><li>Object</li><li>Number</li><li>String</li><li>None of the above</li></ul>,Number
"<b> What will be the output of the following code snippet?</b><br><br>```javascript<br><script type=""text/javascript"">a = 5 + ""9""; document.write(a);</script><br>```<br><br><ul><li>Compilation Error</li><li>14</li><li>Runtime Error</li><li>59</li></ul>",59
<b> Which of the following methods can be used to display data in some form using Javascript?</b><br><ul><li>document.write()</li><li>console.log()</li><li>window.alert()</li><li>all of the above</li></ul>,all of the above
"<b> What value is assigned to total after this code executes?</b><br><br>```javascript<br>function sum(num1, num2 = 2, num3 = 3) {<br>return num1 + num2 + num3;<br>}<br>let values = [1, 5];<br>let total = sum(4, ...values);<br>```<br><br><ul><li>10</li><li>6</li><li>7</li><li>8</li></ul>",10<br><br>[Reference: Rest parameters](https://developer.mozilla.org/en-US/docs/Web/JavaScript/Reference/Functions/rest_parameters)<br>
"<b> Which statement is applicable to the defer attribute of the HTML <script> tag?</b><br><ul><li>defer allows the browser to continue processing the page while the script loads in the background.</li><li>defer causes the script to be loaded from the backup content delivery network (CDN).</li><li>defer blocks the browser from processing HTML below the tag until the script is completely loaded.</li><li>defer lazy loads the script, causing it to download only when it is called by another script on the page.</li></ul>",defer allows the browser to continue processing the page while the script loads in the background.<br><br>[Reference: defer html script attribute](https://www.w3schools.com/tags/att_script_defer.asp)<br>
<b> Which method of a class is called to initialize an object of that class?</b><br><ul><li>init()</li><li>create()</li><li>new()</li><li>constructor()</li></ul>,constructor()<br><br>[Reference: constructor method](https://developer.mozilla.org/en-US/docs/Web/JavaScript/Reference/Classes/constructor)<br>
"<b> Which expression evaluates to true?</b><br><ul><li>Boolean(NaN)</li><li>Boolean(0)</li><li>Boolean(""false"")</li><li>Boolean("""")</li></ul>","Boolean(""false"")<br><br>[Reference: Boolean object](https://www.w3schools.com/js/js_booleans.asp)<br>"
"<b> How would you check if the word ""pot"" is in the word ""potato""?</b><br><ul><li>""pot"".indexOf(""potato"") !== -1</li><li>""potato"".includes(""Pot"")</li><li>""potato"".includes(""pot"")</li><li>""potato"".contains(""pot"");</li></ul>","""potato"".includes(""pot"")<br><br>[Reference: String.prototype.includes()](https://developer.mozilla.org/en-US/docs/Web/JavaScript/Reference/Global_Objects/String/includes)<br>"
<b> Which collection object allows a unique value to be inserted only once?</b><br><ul><li>Map</li><li>Array</li><li>Set</li><li>Object</li></ul>,Set<br><br>[Reference: developer.mozilla Set](https://developer.mozilla.org/en-US/docs/Web/JavaScript/Reference/Global_Objects/Set)<br>
"<b> How would you change the color of this header to pink?</b><br><br>```javascript<br><h2 id=""cleverest"">girls</h2><br>```<br><br><ul><li>document.getElementByName(""cleverest"").style.color = ""pink"";</li><li>document.getElementsByTagName(""h2"").style.color = ""pink"";</li><li>document.getElementByName(""h2"").style.color = ""pink"";</li><li>document.getElementById(""cleverest"").style.color = ""pink"";</li></ul>","document.getElementById(""cleverest"").style.color = ""pink"";<br><br>[Reference: W3Schools HTML DOM Style color Property](https://www.w3schools.com/jsref/prop_style_color.asp)<br>"
