"<b> What is the difference between these two snippets?</b><br><br>```js<br>$('button').on('click', function () {<br>alert('you clicked the button!');<br>});<br>$('button').click(function () {<br>alert('you clicked the button!');<br>});<br>```<br><br><ul><li>Only the second one will work; jQuery does not have a function called `.on`.</li><li>The second snippet will not function.</li><li>Nothing `.click(function)` is shorter way to write `.on('click', function)`.</li><li>The first snippet will execute for every button on the page, the second will only apply to the first button.</li></ul>","Nothing `.click(function)` is shorter way to write `.on('click', function)`."
<b> What does the following line of code do?</b><br><br>`jQuery('p')`<br><br><ul><li>Loads a paragraph tag from a remote server using AJAX</li><li>Aliases jQuery to a variable p</li><li>Selects all paragraphs on the page</li><li>Creates a new paragraph tag and inserts it into the body tag</li></ul>,Selects all paragraphs on the page
"<b> Given the following HTML, how could we use one line to hide or show the button?</b><br><br>```html<br><button class=""btn btn-primary"" type=""submit"">Continue to checkout</button><br>```<br><br><ul><li>`$('.btn-primary').toggle();`</li><li>`$('.btn-primary').showHide();`</li><li>`$('.btn-primary').not(':visible').show();`</li><li>`$('.btn-primary').css({ display: 'block'});`</li></ul>",`$('.btn-primary').toggle();`
"<b> Working with AJAX, we may run into situations where a piece of code should not be run until after multiple AJAX calls have completed successfully. Say we need to call two external services for JSON data (a list of students, and a list of classes). And only after retrieving those data will we perform some manipulations on a page. What is the preferred way for dealing with this scenario?</b><br><br>`https://example.com/json-api/students`<br>`https://example.com/json-api/classes`<br><br><ul><li>A```js<br>$.get(<br>['https://example.com/json-api/students', 'https://example.com/json-api/classes'],<br>function (studentRequest, classRequest) {<br>// the rest of the code goes here<br>},<br>);<br>```<br></li><li>B```js<br>$.when(<br>$.get('https://example.com/json-api/students'),<br>$.get('https://example.com/json-api/classes'),<br>).done(function (studentRequest, classRequest) {<br>// the rest of the code goes here<br>});<br>```<br></li><li>C```js<br>$.bind(<br>$.get('https://example.com/json-api/students'),<br>$.get('https://example.com/json-api/classes'),<br>).done(function (studentRequest, classRequest) {<br>// the rest of the code goes here<br>});<br>```<br></li><li>D```js<br>$.ajax('https://example.com/json-api/students', {<br>success: function (studentRequest) {<br>$.ajax('https://example.com/json-api/classes', {<br>success: function (classRequest) {<br>// the rest of the code goes here<br>},<br>});<br>},<br>});<br>```<br></li></ul>","D```js<br>$.ajax('https://example.com/json-api/students', {<br>success: function (studentRequest) {<br>$.ajax('https://example.com/json-api/classes', {<br>success: function (classRequest) {<br>// the rest of the code goes here<br>},<br>});<br>},<br>});<br>```<br>"
"<b> Given the snippet of HTML below, what is the difference between the two lines that follow it?</b><br><br>```html<br><ul><br><li>Item 1</li><br><li>Item 2</li><br><li>Item 3</li><br><li>Item 4</li><br></ul><br>```<br>```js<br>$('ul').find('li').get(2);<br>$('ul').find('li').eq(2);<br>```<br><br><ul><li>.get() retrieves a DOM element, and can't be chained, eq() retrieves a jQuery object, and can be chained.</li><li>.get() retrieves a jQuery object, and can't be chained, eq() retrieves a DOM element, and can be chained.</li><li>.get() retrieves a jQuery object, and is zero-indexed, eq() retrieves a DOM element, and is 1-indexed.</li><li>.get() retrieves a DOM element, and is zero-indexed, eq() retrieves a jQuery object, and is 1-indexed.</li></ul>",".get() retrieves a DOM element, and can't be chained, eq() retrieves a jQuery object, and can be chained."
"<b> Suppose we want to have a ball created from an HTML element (id=ball) move down and to the right from its original location when clicked, and move back into its original place when finished. Given a starting point of this, which of these snippets would accomplish that goal?</b><br><br>```js<br>$('#ball').click(function () {<br>// Our code goes here<br>});<br>```<br><br><ul><li>A```js<br>$(this).animate(<br>{ top: '+=100', left: '+=100' },<br>{<br>duration: 600,<br>complete: function () {<br>$(this).animate({ top: '-=100', left: '-=100' }, 600);<br>},<br>},<br>);<br>```<br></li><li>B```js<br>$(this).animate({ top: '-=100', left: '-=100' }, 600, function () {<br>$(this).animate({ top: '+=100', left: '+=100' }, 600);<br>});<br>```<br></li><li>C```js<br>$(this).animate(<br>{ top: '=100', left: '=100' },<br>{<br>duration: 600,<br>complete: function () {<br>$(this).animate({ top: 0, left: 0 }, 600);<br>},<br>},<br>);<br>```<br></li><li>D```js<br>$(this).animate({ top: '100', left: '100' }, 600, function () {<br>$(this).animate({ top: 0, left: 0 }, 600);<br>});<br>```<br></li></ul>","A```js<br>$(this).animate(<br>{ top: '+=100', left: '+=100' },<br>{<br>duration: 600,<br>complete: function () {<br>$(this).animate({ top: '-=100', left: '-=100' }, 600);<br>},<br>},<br>);<br>```<br>"
"<b> Given the following CSS and HTML codes below, how could you apply the success class to the feedback div?</b><br><br>```css<br>.success {<br>color: green;<br>background: #ddffdd;<br>}<br>```<br>```html<br><div class=""feedback"">Thank you for answering this survey.</div><br>```<br><br><ul><li>`$('.feedback').hasClass('.success');`</li><li>`$.css('.feedback', '.success')`;</li><li>`$('.feedback').addClass('success');`</li><li>`$('.feedback').css('.success');`</li></ul>",`$('.feedback').addClass('success');`
"<b> The following page snippet includes a couple of messages in a list, and a code snippet that retrieves a few hundred messages from an API endpoint using AJAX. How can you add these new items to the .message-area--list element in the most performant way?</b><br><br>```html<br><div class=""message-area""><br><ul class=""message-area--list""><br><li>Existing message 1</li><br><li>Existing message 2</li><br></ul><br></div><br>$.get('//example.com/api/v1/message').done(function (data) { var tonsOfItems = data.messages; // add<br>all these messages to a large page });<br>```<br><br><ul><li>A```js<br>tonsOfItems.map(function (item) {<br>$('.message-area--list').append('<li>' + item + '</li>');<br>});<br>```<br></li><li>B```js<br>var tonsOfListItems = tonsOfItems.map(function (item) {<br>return '<li>' + item + '</li>';<br>});<br>$('.message-area--list').append(tonsOfListItems.join(''));<br>```<br></li><li>C```js<br>CSS.$messageList = $('.message-area--list');<br>$.each(tonsOfItems, function (idx, item) {<br>$('<li>' + item + '</li>').appendTo($messageList);<br>});<br>```<br></li><li>D```js<br>$.each(tonsOfItems, function (idx, item) {<br>$('.message-area--list').append('<li>' + item + '</li>');<br>});<br>```<br></li></ul>",B```js<br>var tonsOfListItems = tonsOfItems.map(function (item) {<br>return '<li>' + item + '</li>';<br>});<br>$('.message-area--list').append(tonsOfListItems.join(''));<br>```<br>
"<b> What is jQuery?</b><br><ul><li>jQuery is a bridge between Java and Javascript that makes native apps easier to write.</li><li>jQuery is a plugin for JavaScript that makes database queries easier to write.</li><li>jQuery is a collection of JavaScript functions that makes finding and manipulating elements on a page, AJAX, and other things easier.</li><li>jQuery is a Chrome extension that allows users to create their own extensions with just a few lines of JavaScript.</li></ul>","jQuery is a collection of JavaScript functions that makes finding and manipulating elements on a page, AJAX, and other things easier."
"<b> We want to create a new jQuery plugin called linkUpdater that can be chained onto other jQuery selector like a normal plugin. It should update all the links in the referenced collection so they open in new windows or tabs. Below is the first cut. What is one problem with this plugin?</b><br><br>```js<br>'user strict';<br>($.linkUpdater = function () {<br>this.find('a').attr('target', '_blank');<br>})(jQuery);<br>```<br><br><ul><li>this needs to be wrapped, like `$(this)`, in order to be chained in a plugin.</li><li>jQuery plugins can't be safely authored in strict mode.</li><li>In order to be used by other code, plugins need to be added to the global namespace, not wrapped in a function expression.</li><li>Our plugin should extend jQuery.fn, not jQuery itself.</li></ul>","Our plugin should extend jQuery.fn, not jQuery itself."
"<b> Generally speaking, when used on a web page, how should jQuery be installed, and why?</b><br><ul><li>Just before the closing body tag, because we want to avoid blocking other resources from loading, and we use the ready method to make sure our code fires after the DOM is ready</li><li>Using the highest version number possible because only jQuery 3 and up are compatible with Internet Explorer 7</li><li>In the head tag because we want jQuery available as soon as possible</li><li>From a CDN because we want to be able to use jQuery online or offline</li></ul>","Just before the closing body tag, because we want to avoid blocking other resources from loading, and we use the ready method to make sure our code fires after the DOM is ready"
"<b> Given the following HTML, how could we make this button disappear from the page using jQuery?</b><br><br>```html<br><button class=""btn btn-primary"" type=""submit"">Continue to checkout</button><br>```<br><br><ul><li>`$('.btn-primary').hide();`</li><li>`$('.btn-primary:visible').not();`</li><li>`$('.btn-primary').visibility(false);`</li><li>`$('.btn-primary').show(false);`</li></ul>",`$('.btn-primary').hide();`
"<b> What is the difference between `$('header').html()` and `$('header').text()`?</b><br><ul><li>`$('header').html()` returns the inner HTML of the header. `$('header').text()` returns only the text</li><li>`$('header').html()` returns only the HTML tags used, without the text. `$('header').text()` returns only the text</li><li>`$('header').html()` strips all HTML from the header. `$('header').text()` always returns an empty string.</li><li>`$('header').html()` returns all headers in an HTML document. `$('header').text()` the first line of a text file.</li></ul>",`$('header').html()` returns the inner HTML of the header. `$('header').text()` returns only the text
"<b> When writing jQuery plugins, we often provide default options that may be overridden by the end user. What jQuery function is most useful for this purpose?</b><br><ul><li>\$.extend</li><li>\$.clone</li><li>\$.fn.extend</li><li>\$.merge</li></ul>",\$.extend
"<b> There are times when you might want to programmatically trigger an event, instead of simply reacting to user input directly. Given this markup, Which choice will NOT cause a click event to the select box when the button is clicked?</b><br><br>```html<br><article><br><div>Here's a button you can click: <button class=""btn"">Click Me</button></div><br><form><br><p>Further down the page, there's a select box.</p><br><select><br><option value=""1"">One</option><br><option value=""2"">One</option><br><option value=""3"">One</option><br><option value=""4"">One</option><br></select><br></form><br></article><br>```<br><br><ul><li>`$('button').on('click.myApp', (function() { $('input[type=select]').trigger('click'); });`</li><li>`$('button').on('click', (function() { $('input[type=select]').click()); });`</li><li>`$('button').trigger(function() { $('input[type=select]').click(); });`</li><li>`$('button').click(function() { $('input[type=select]').click(); });`</li></ul>","`$('button').on('click.myApp', (function() { $('input[type=select]').trigger('click'); });`"
"<b> You have an absolutely positioned element inside a relatively positioned parent element, and you want to animate that element within its parent element. What jQuery function is most useful for finding the initial coordinates of the `.animate-me`?</b><br><br>```html<br><style><br>.parent {<br>position: relative;<br>top: 3em;<br>width: 50%;<br>min-height: 50vh;<br>margin: 0 auto;<br>}<br>.animate-me {<br>position: absolute;<br>top: 40px;<br>right: 30px;<br>}<br></style><br><div class=""parent""><br><div class=""animate-me"">This box will move!</div><br></div><br>```<br><br><ul><li>`$('.animate-me').offset();`</li><li>`$('.animate-me').each();`</li><li>`$('.animate-me').position();`</li><li>`$('.animate-me').offsetParent();`</li></ul>",`$('.animate-me').offset();`
<b> You want to work with AJAX using a Promise-like interface instead of nested callback functions. What jQuery API should you use?</b><br><ul><li>`jQuery.sub`</li><li>`jQuery.ajaxTransport`</li><li>`jQuery.Deferred`</li><li>`jQuery.proxy`</li></ul>,`jQuery.Deferred`
"<b> What is tricky about jQuery's nth- filters (:nth-child, :nth-of-type, etc.) relative to other filters?</b><br><ul><li>Referring to lists of items, they are 1-indexed (like CSS), not 0-indexed (like JavaScript).</li><li>They don't return the jQuery object, and cannot be chained.</li><li>They can return the wrong items if the DOM was recently manipulated.</li><li>They are not part of CSS, so they don't get the performance benefits of passing through the `document.querySelectorAll`.</li></ul>","Referring to lists of items, they are 1-indexed (like CSS), not 0-indexed (like JavaScript)."
"<b> jQuery's AJAX functions return objects that implement the Promise API. As a result, you can chain promises and avoid nested callbacks. What does that look like?</b><br><ul><li>A```js<br>$.get('hhttp://httpbin.org/delay/2')<br>.then(function (response) {<br>// Data from first GET is here as 'response'<br>return $.get('http://httpbin.org/delay/2');<br>})<br>.then(function (response) {<br>// Data from second GET is here as 'response'<br>});<br>```<br></li><li>B```js<br>$.get('hhttp://httpbin.org/delay/2')<br>.catch(function (response) {<br>// Data from first GET is here as 'response'<br>return $.get('http://httpbin.org/delay/2');<br>})<br>.done(function (response) {<br>// Data from second GET is here as 'response'<br>});<br>```<br></li><li>C```js<br>$.get('hhttp://httpbin.org/delay/2', function (response1) {<br>// Data from first GET is here as 'response1'<br>$.get('http://httpbin.org/delay/2', function (response2) {<br>// Data from second GET is here as 'response2'<br>});<br>});<br>```<br></li><li>D```js<br>$.get('hhttp://httpbin.org/delay/2')<br>.then(function (response) {<br>// Data from first GET is here as 'response'<br>return response;<br>})<br>.get('http://httpbin.org/delay/2', function (response) {<br>// Data from second GET is here as 'response'<br>});<br>```<br></li></ul>",A```js<br>$.get('hhttp://httpbin.org/delay/2')<br>.then(function (response) {<br>// Data from first GET is here as 'response'<br>return $.get('http://httpbin.org/delay/2');<br>})<br>.then(function (response) {<br>// Data from second GET is here as 'response'<br>});<br>```<br>
"<b> You want to have a ball that is created from an HTML element (id=ball) move down and to the right of its original location when clicked, and move back to its original place when finished. What snippet, added to the code below, would do this?</b><br><br>```js<br>$('#ball').click(function () {<br>// Our code goes here<br>});<br>```<br><br><ul><li>A```js<br>$(this).animate(<br>{<br>top: '-=100',<br>left: '-=100',<br>},<br>600,<br>function () {<br>$(this).animate(<br>{<br>top: '+=100',<br>left: '+=100',<br>},<br>600,<br>);<br>},<br>);<br>```<br></li><li>B```js<br>$(this).animate(<br>{<br>top: '+=100',<br>left: '+=100',<br>},<br>{<br>duration: 600,<br>complete: function () {<br>$(this).animate(<br>{<br>top: '-=100',<br>left: '-=100',<br>},<br>600,<br>);<br>},<br>},<br>);<br>```<br></li><li>C```js<br>$(this).animate(<br>{<br>top: 100,<br>left: 100,<br>},<br>600,<br>function () {<br>$(this).animate(<br>{<br>top: 0,<br>left: 0,<br>},<br>600,<br>);<br>},<br>);<br>```<br></li><li>D```js<br>$(this).animate(<br>{<br>top: 100,<br>left: 100,<br>},<br>{<br>duration: 600,<br>complete: function () {<br>$(this).animate(<br>{<br>top: 0,<br>left: 0,<br>},<br>600,<br>);<br>},<br>},<br>);<br>```<br></li></ul>","B```js<br>$(this).animate(<br>{<br>top: '+=100',<br>left: '+=100',<br>},<br>{<br>duration: 600,<br>complete: function () {<br>$(this).animate(<br>{<br>top: '-=100',<br>left: '-=100',<br>},<br>600,<br>);<br>},<br>},<br>);<br>```<br>"
"<b> The way `.wrap()` works is sometimes misunderstood. Given the DOM and jQuery snippets below, what does the modified DOM snippet look like?</b><br><br>```html<br><div id=""container""><br><div class=""item"">Here's an item</div><br></div><br>```<br>```js<br>$('#container').wrap('<div class=""wrapper""></div>').css('border', '2px solid red');<br>```<br><br><ul><li>A```html<br><div class=""wrapper"" style=""border: 2px solid red;""><br><div id=""container""><br><div class=""item"">Here's an item</div><br></div><br></div><br>```<br></li><li>B```html<br><div class=""wrapper""><br><div id=""container"" style=""border: 2px solid red;""><br><div class=""item"">Here's an item</div><br></div><br></div><br>```<br></li><li>C```html<br><div id=""container"" style=""border: 2px solid red;""><br><div class=""wrapper""><br><div class=""item"">Here's an item</div><br></div><br></div><br>```<br></li><li>D```html<br><div id=""container""><br><div class=""wrapper"" style=""border: 2px solid red;""><br><div class=""item"">Here's an item</div><br></div><br></div><br>```<br></li></ul>","B```html<br><div class=""wrapper""><br><div id=""container"" style=""border: 2px solid red;""><br><div class=""item"">Here's an item</div><br></div><br></div><br>```<br>"
"<b> How can you select the following blockquote AND the list in a single call to jQuery() without chaining?</b><br><br>```html<br><div class=""quotes""><br><blockquote data-favorite=""false"">A quote</blockquote><br><blockquote data-favorite=""true"">A favorite quote</blockquote><br><blockquote data-favorite=""false"">A quote</blockquote><br><blockquote data-favorite=""false"">A quote</blockquote><br></div><br><ul class=""menu-first""><br><li>Item 1</li><br><li>Item 2</li><br><li>Item 3</li><br><li>Item 4</li><br></ul><br>```<br><br><ul><li>`$('.quotes + .menu-first')`</li><li>`$('.quotes .menu-first')`</li><li>`$('.quotes, .menu-first')`</li><li>`$('.quotes' + '.menu-first')`</li></ul>","`$('.quotes, .menu-first')`"
"<b> Effects like show, hide, fadIn, and fadeOut can be called with no arguments, but can also take arguments for how long they should last. Which is NOT a duration argument supported by these functions?</b><br><ul><li>""fast""</li><li>""extreme""</li><li>2000</li><li>""slow""</li></ul>","""extreme"""
"<b> Though jQuery offers visual effects, it is considered a best practice to use CSS to set up different states triggered by classes, where it makes sense. What's the easiest way to enable and disable a class bounce on an element with the ID dialog?</b><br><ul><li>`$('#dialog').classToggle('bounce')`</li><li>`$('#dialog.bounce').removeClass().addClass()`</li><li>`$('#dialog').addOrRemoveClass('bounce')`</li><li>`$('#dialog').toggleClass('bounce')`</li></ul>",`$('#dialog').toggleClass('bounce')`
<b> What is the main difference between selectors and filters?</b><br><ul><li>Selectors are used to refine the content that filters have been applied to.</li><li>Selectors are used to find and select content in a page. Filters are used to refine the results of selectors.</li><li>Filters are used to remove content from the page. Selectors are used to add content to the page</li><li>There is no real difference. They are both used to build up lists of page content.</li></ul>,Selectors are used to find and select content in a page. Filters are used to refine the results of selectors.
"<b> You want to create a custom right-click menu. How might you start the code?</b><br><ul><li>`$('#canvas').on('click.right', function(){ console.log('Handled a right-click') });`</li><li>`$('#canvas').on('contextual', function(){ console.log('Handled a right-click') });`</li><li>`$('#canvas').on('contextmenu', function(){ console.log('Handled a right-click') });`</li><li>`$('#canvas').on('rightclick', function(){ console.log('Handled a right-click') });`</li></ul>","`$('#canvas').on('contextmenu', function(){ console.log('Handled a right-click') });`"
<b> What is the correct way to check how many paragraphs exist on a page using jQuery?</b><br><ul><li>`$('p').count()`</li><li>`$('p').length`</li><li>`$('*').find('p')`</li><li>`$('p').length()`</li></ul>,`$('p').length`
"<b> As with many areas of JavaScript, keeping track of the meaning of **this** is important and sometimes tricky. What does **this** mean at each of the two points in this custom plugin snippet?</b><br><br>```js<br>$.fn.customPlugin = function () {<br>// Point 1<br>return this.each(function () {<br>// Point 2<br>});<br>};<br>$(document).customPlugin();<br>```<br><br><ul><li>At Point 1, `this` means a jQuery object. At Point 2, it means a DOM element.</li><li>In this case, they mean the same thing: a jQuery object.</li><li>In this case, they mean the same thing: a DOM element.</li><li>At Point 1, `this` means a DOM element. At Point 2, it means a jQuery object.</li></ul>","At Point 1, `this` means a DOM element. At Point 2, it means a jQuery object."
"<b> How can you make the first list item bold and the next item oblique, in a single statement chain?</b><br><br>```html<br><ul class=""menu-first""><br><li>Item 1</li><br><li>Item 2</li><br><li>Item 3</li><br><li>Item 4</li><br></ul><br>```<br><br><ul><li>A```js<br>$('.menu-first > li').eq(0).css('font-weight', 'bold').eq(1).css('font-style', 'oblique');<br>```<br></li><li>B```js<br>$('.menu-first > li').first().css('font-weight', 'bold').after().css('font-style', 'oblique');<br>```<br></li><li>C```js<br>$('.menu-first > li').first().css('font-weight', 'bold').second().css('font-style', 'oblique');<br>```<br></li><li>D```js<br>$('.menu-first > li').eq(0).css('font-weight', 'bold').next().css('font-style', 'oblique');<br>```<br></li></ul>","D```js<br>$('.menu-first > li').eq(0).css('font-weight', 'bold').next().css('font-style', 'oblique');<br>```<br>"
"<b> Which CSS selectors can you NOT use in jQuery?</b><br><ul><li>You cannot use multiple class selectors such as `.class1.class2`.</li><li>You cannot use pseudo-classes such as `:not` or `:last-of-type`.</li><li>You cannot use IDs and classes together, such as `#element.class`.</li><li>None. All CSS selectors are compatible in jQuery.</li></ul>",None. All CSS selectors are compatible in jQuery.
"<b> Starting with some DOM elements in the nested structure below, you assign listeners for the same event to a child element and one of the parents using the JavaScript that follows. You want to ensure that when `.leaf` is clicked, only its event handler will be fired, instead of the click bubbling up and also firing the parent's click handler. What do you need to add to its handler function?</b><br><br>```html<br><ul class=""items"" id=""main-menu""><br><li><br>Item 1<br><ul><br><li class=""leaf"">Sub Item 1</li><br><li>Sub Item 2</li><br></ul><br></li><br></ul><br>```<br>```js<br>$('.leaf').click(function (event) {<br>console.log('Sub Item 1 got a click');<br>});<br>$('#main-menu').click(function (event) {<br>console.log('Main menu got a click');<br>});<br>```<br><br><ul><li>`event.capture();`</li><li>`event.stopPropagation();`</li><li>`event.preventDefault();`</li><li>`event.stop();`</li></ul>",`event.stopPropagation();`
"<b> Using event delegation, you can listen for events on a lot of different items without having to attach separate listeners to each one. But there are times when you may want to check the type of item receiving the event before doing anything, such as checking if an image was clicked versus a text field. Given the starter code below, which choice shows what jQuery provides to help with that process?</b><br><br>```html<br><div id=""sidebar""><br><img src=""fancy-button.png"" alt=""Pick Me"" /><br><input type=""text"" placeholder=""Fill in something"" /><br></div><br>```<br>```js<br>$('#sidebar').click(function (evt) {<br>var $target = $(evt.target);<br>// What goes here?<br>});<br>```<br><br><ul><li>`$($target.get(0) + ':image')`</li><li>`$('img').is($target)`</li><li>`$target.filter('img')`</li><li>`$target.is('img')`</li></ul>",`$target.is('img')`
"<b> There are many ways to create elements that can be added to the page. Which answer is NOT one of those ways, assuming you have the following on the page?</b><br><br>```html<br><div id=""elements""></div><br>```<br><br><ul><li>A```js<br>$('#elements').append($('<p class=""appended"">As an HTML string</p>'));<br>```<br></li><li>B```js<br>var p = document.createElement('p');<br>var text = document.createTextNode('As a DOM element');<br>p.appendChild(text);<br>$('#elements').append(p);<br>```<br></li><li>C```js<br>$('#elements').append(<p class=""appended"">As a JSX object</p>);<br>```<br></li><li>D```js<br>$('#elements').append(<br>$('<p>', {<br>class: 'appended',<br>text: 'As an attribute object',<br>}),<br>);<br>```<br></li></ul>","C```js<br>$('#elements').append(<p class=""appended"">As a JSX object</p>);<br>```<br>"
<b> The `.addClass()` and `.removeClass()` methods can accept functions as arguments. What does this function do?</b><br><br>```js<br>$('#menu').addClass(function () {<br>return $('body').attr('class');<br>});<br>```<br><br><ul><li>It adds the first class found on the body element to the #menu element.</li><li>It adds all classes found on the #menu element to the body tag.</li><li>It replaces any classes on the #menu element with all classes from the body tag.</li><li>It adds all classes found on the body element to the #menu element.</li></ul>,It adds all classes found on the body element to the #menu element.
"<b> You're working on a site that uses an old version of jQuery, and you want to update to a newer version. What's the most efficient way to do so?</b><br><ul><li>Install the newer version of jQuery, go through each script one by one, and fix what looks broken.</li><li>Read the change notes for the newer version of jQuery, fix all scripts, install the newer version, and fix anything that remains broken.</li><li>Install the newer version of jQuery as well as its Migrate plugin, fix all warnings, and uninstall the Migrate plugin.</li><li>Install the newer version of jQuery at the same time, and use `jQuery.noConflict()` on pages that need the older version.</li></ul>","Install the newer version of jQuery as well as its Migrate plugin, fix all warnings, and uninstall the Migrate plugin."
"<b> Let's say you have a page with just one link on it. How can you change the anchor tag so it links to example.com?</b><br><ul><li>`$('a').attribute('href', 'http://www.example.com')`</li><li>`$('a').attr('href', 'http://www.example.com')`</li><li>`$('a').data('href', 'http://www.example.com')`</li><li>`$('a').href('http://www.example.com')`</li></ul>","`$('a').attr('href', 'http://www.example.com')`"
<b> What does `$()` mean in jQuery?</b><br><ul><li>It is an alias to the main core method of jQuery itself—the same as writing jQuery().</li><li>It is a utility function that selects the first element from the document.</li><li>It is a shorter way to write `document.getElementById()`.</li><li>It is a utility function that selects the last element from the document.</li></ul>,It is an alias to the main core method of jQuery itself—the same as writing jQuery().
"<b> Along with DOM traversal and manipulation, jQuery offers several general-purpose helper functions that fill in some JavaScript gaps, especially before ES</b><br><ul><li>`jQuery.each`, a general purpose iterator for looping over arrays or objects</li><li>`jQuery.isNumeric`, which can check whether its argument is, or looks like, a number</li><li>`jQuery.extend`, which can merge objects and make complete deep copies of objects</li><li>`jQuery.isMobile`, which can tell whether the user is using a mobile browser</li></ul>","`jQuery.isMobile`, which can tell whether the user is using a mobile browser"
"<b> Given this set of checkboxes, how can you select the ones that have the phrase ""sun"" as part of the value?</b><br><br>```html<br><input type=""checkbox"" name=""artists[]"" value=""sun-ra"" /><br><input type=""checkbox"" name=""artists[]"" value=""otis-redding"" /><br><input type=""checkbox"" name=""artists[]"" value=""captain-beefheart"" /><br><input type=""checkbox"" name=""artists[]"" value=""king-sunny-ade"" /><br><input type=""checkbox"" name=""artists[]"" value=""weather-report"" /><br>```<br><br><ul><li>`$('checkbox').val(/sun/);`</li><li>`$('input[value*=""sun""]');`</li><li>`$('input[value|=""sun""]');`</li><li>`$('input:checkbox').attr('value', '*sun*');`</li></ul>","`$('input[value*=""sun""]');`"
"<b> How can you get an AJAX request to go through without triggering any of jQuery's AJAX events?</b><br><ul><li>Set the type option to ""none"".</li><li>Set the processData option to false.</li><li>Set a success callback that returns false.</li><li>Set the option ""global"" to false.</li></ul>","Set the option ""global"" to false."
"<b> How do you change the current value of a text field with the class `.form-item` to ""</b><br><ul><li>`$.val('.form-item', '555-1212');`</li><li>`$('.form-item').val('555-1212');`</li><li>`$('.form-item').data('value', '555-1212');`</li><li>`$('.form-item').set('value', '555-1212');`</li></ul>",`$('.form-item').val('555-1212');`
"<b> How would you fire a callback when any AJAX request on a page has completed?</b><br><ul><li>`$('body').ajaxComplete(function() { console.count('An AJAX request completed'); });`</li><li>`$(document).on('ajax-complete', function() { console.count('An AJAX request completed'); });`</li><li>`$('body').on('ajaxComplete', function() { console.count('An AJAX request completed'); });`</li><li>`$(document).ajaxComplete(function() { console.count('An AJAX request completed'); });`</li></ul>",`$(document).ajaxComplete(function() { console.count('An AJAX request completed'); });`
"<b> Given this set of checkboxes, how can you select the one with the value ""blimp""?</b><br><br>```html<br><input type=""checkbox"" name=""songs[]"" value=""satisfaction"" /><br><input type=""checkbox"" name=""songs[]"" value=""respect"" /><br><input type=""checkbox"" name=""songs[]"" value=""blimp"" /><br><input type=""checkbox"" name=""songs[]"" value=""saturn"" /><br><input type=""checkbox"" name=""songs[]"" value=""penguins"" /><br>```<br><br><ul><li>`$('input[value=""blimp""]');`</li><li>`$('input[value!=""blimp""]');`</li><li>`$('checkbox').val('blimp');`</li><li>`$('input:checkbox').attr('value', 'blimp');`</li></ul>","`$('input[value=""blimp""]');`"
"<b> Given this snippet of HTML and jQuery code, what does the jQuery do?</b><br><br>```html<br><ul class=""menu""><br><li><a href=""#"" class=""active"">Home</a></li><br><li><a href=""#"">Page 2</a></li><br></ul><br><ul class=""active submenu""><br><li><a href=""#"">Subpage 1</a></li><br><li><a href=""#"">Subpage 2</a></li><br></ul><br>```<br>```js<br>var m = $('.menu'),<br>sm = $('.submenu');<br>m.add(sm);<br>m.css('font-weight', 'bold');<br>```<br><br><ul><li>It makes all the menu items bold.</li><li>It throws an exception on line 3.</li><li>It makes the first set of menu items, not the second, bold.</li><li>It makes the second set of menu items, not the first, bold.</li></ul>","It makes the first set of menu items, not the second, bold."
"<b> You want to take a block of type and animate it to a larger size with jQuery. The following HTML and JavaScript behaves strangely. What is the issue?</b><br><br>```html<br><div id=""type"" style=""font: 1em/1.5 helvetica, arial, sans-serif; background: #ffc; padding: 0""><br>Animate me!<br></div><br>```<br>```js<br>$('#type').animate(<br>{<br>fontSize: '+=1em',<br>},<br>3000,<br>);<br>```<br><br><ul><li>jQuery does not support ems and will make the type 1 pixel larger instead of 1 em larger.</li><li>jQuery cannot override CSS in a style attribute, so the font size will not change.</li><li>The font size was set with a shorthand property, so jQuery will not animate the font size at all.</li><li>The font size was set with a shorthand property, so jQuery will start the animation from 0 instead of from 1 em.</li></ul>","The font size was set with a shorthand property, so jQuery will start the animation from 0 instead of from 1 em."
"<b> When using the `clone()` function to duplicate an element, what is one of the main concerns your code needs to watch out for?</b><br><ul><li>The `clone()` function may ignore data attributes on the original elements.</li><li>The `clone()` function may result in elements with duplicate ID attributes.</li><li>The `clone()` function may remove CSS classes from the cloned elements.</li><li>The `clone()` function may not respect the attribute order of the original elements.</li></ul>",The `clone()` function may result in elements with duplicate ID attributes.
"<b> When incorporating a plugin into a project, what are the important steps for basic installation and usage?</b><br><ul><li>The jQuery script tag must come first, followed by the plugin, followed by your custom scripts, all preferably at or near the bottom of the page.</li><li>Your custom scripts must appear first in the document `<head>`, followed by jQuery, followed by the plugin.</li><li>The jQuery script tag and the plugin script tag must appear in the document `<head>`, and your custom scripts can follow anywhere on the page.</li><li>The jQuery script tag must appear in the document `<head>`, but the plugin and your custom scripts can appear anywhere else in any order.</li></ul>","The jQuery script tag must come first, followed by the plugin, followed by your custom scripts, all preferably at or near the bottom of the page."
"<b> These two script tags show different ways of using jQuery's `ready()` method. What is true about both approaches?</b><br><br>```js<br><script><br>$(function() {<br>// The rest of my code goes here<br>});<br></script><br><script><br>jQuery(document).ready(function($) {<br>// The rest of my code goes here<br>});<br></script><br>```<br><br><ul><li>The code inside them can manipulate the DOM safely, knowing the browser has loaded it fully.</li><li>The code inside them can manipulate images on the page safely, knowing they have fully downloaded to the browser.</li><li>The code inside them will be run exactly once per user session.</li><li>The code inside them is not aware of the DOM.</li></ul>","The code inside them can manipulate the DOM safely, knowing the browser has loaded it fully."
"<b> Which describes how jQuery makes working with the DOM faster?</b><br><ul><li>jQuery optimizes the DOM in a background thread, making updates faster.</li><li>jQuery avoids using the DOM at all.</li><li>jQuery uses a virtual DOM that batches updates, making inserts and deletes faster.</li><li>jQuery code to perform DOM manipulation is shorter and easier to write, but does not make DOM operations faster.</li></ul>","jQuery code to perform DOM manipulation is shorter and easier to write, but does not make DOM operations faster."
"<b> There are some issues with this snippet of jQuery. First, it is manipulating CSS directly, rather than manipulating classes and leaving the CSS in stylesheets. What else in this code is best to avoid?</b><br><br>```js<br>$('.item').css('background-color', 'red');<br>// some other code here<br>var firstSubItem = $('.item').find('.sub-item').get(0);<br>// some other code here too<br>$('.item').parents('.navigation').css('font-weight', 'bold');<br>```<br><br><ul><li>The `.css()` method accepts only an object, not two separate arguments. This will trigger an exception that should be caught.</li><li>The `$('.item')` selection is being made several times. This should be cached in a variable for (however slightly) better performance and easier maintainability.</li><li>The call to `.parents()` is in an inefficient place.</li><li>All the calls to `$('.item')` should be chained together as a single executable line for better performance.</li></ul>",The call to `.parents()` is in an inefficient place.
<b> Which choice is an example of statement chaining?</b><br><ul><li>`var $p = $('p'); console.log($p.length);`</li><li>`$('p').find('a').children('li');`</li><li>`$('p > a > li');`</li><li>`$('p'); $('a'); $('li');`</li></ul>,`$('p').find('a').children('li');`
"<b> How can you ensure that some code executes only when a class `active` appears on an element?</b><br><ul><li>`$('.element').attr('class', 'active')`</li><li>`$('.element').with('.active')`</li><li>`$('.element').hasClass('active')`</li><li>`$('.active').then()`</li></ul>",`$('.element').hasClass('active')`
"<b> jQuery has a main function for handling AJAX, and several shorthand function including `load()` that make calling that main function easier. Given this HTML snippet, how can you insert only the second snippet from the source.html file (`div#one`) into the `#load-me` div on-demand via AJAX?</b><br><br>```html<br><div id=""load-me"">This area will be replaced with AJAX loaded content.</div><br><div id=""one""><br><h1>First Piece</h1><br><p>Lorem ipsum duis maximus quam condimentum dolor eleifend scelerisque.</p><br></div><br><div id=""two""><br><h1>Second Piece</h1><br><p>Lorem ipsum proin facilisis augue in risus interdum ornare.</p><br></div><br>```<br><br><ul><li>`$('#load-me').get('source.html#one');`</li><li>`$('#load-me').get('source.html #one');`</li><li>`$('#load-me').load('source.html #one');`</li><li>`$('#load-me').load('source.html', '#one');`</li></ul>",`$('#load-me').load('source.html #one');`
"<b> Given this HTML list and subsequent two lines of jQuery, what is the difference in the behavior of `.closest()` and `.parents()`?</b><br><br>```html<br><ul class=""items"" id=""main-menu""><br><li><br>Item 1<br><ul id=""sub-menu""><br><li class=""leaf"">Sub Item 1</li><br><li>Sub Item 2</li><br></ul><br></li><br></ul><br>```<br>```js<br>$('.leaf').closest('.items');<br>$('.leaf').parents('.items');<br>```<br><br><ul><li>`.closest()` returns `.leaf` and `#main-menu`; `.parents()` returns `#main-menu` and `#sub-menu`.</li><li>`.closest()` returns `.leaf` and `#sub-menu`; `.parents()` returns `#main-menu` and `#sub-menu`.</li><li>`.closest()` returns only `#main-menu`; `.parents()` returns `#main-menu` and `#sub-menu`.</li><li>`.closest()` returns only `#sub-menu`; `.parents()` returns `#main-menu` and `#sub-menu`.</li></ul>",`.closest()` returns `.leaf` and `#main-menu`; `.parents()` returns `#main-menu` and `#sub-menu`.
<b> What does this line of code do?</b><br><br>```js<br>$('ul > li:first-child');<br>```<br><br><ul><li>selects the first list item inside all unordered lists on the page</li><li>selects the first list item inside the first unordered list on the page</li><li>selects the first element inside any list items on the page</li><li>creates a predefined CSS selector that can be reused later</li></ul>,selects the first list item inside all unordered lists on the page
"<b> Below is a list of items that you want to be clickable and an event handler function. How can you assign the event handler to every item in the list in a way that is most performant, and also that ensures that the handler is called even if more items are added to the list programmatically?</b><br><br>```html<br><ul class=""clickable-list""><br><li>First Item</li><br><li>Second Item</li><br><li>Third Item</li><br><li>Fourth Item</li><br><li>Fifth Item</li><br></ul><br>```<br>```js<br>function listResponder(evt) {<br>console.log('You clicked a list item that says', evt.target.innerText);<br>}<br>```<br><br><ul><li>`$('.clickable-list').click(listResponder);`</li><li>`$('.clickable-list').on('click', 'li', listResponder);`</li><li>`$('.clickable-list').on('click, append', listResponder);`</li><li>`$('.clickable-list').each(function() { $(this).click(listResponder); });`</li></ul>","`$('.clickable-list').on('click', 'li', listResponder);`"
"<b> What is the difference between $('p').find('a') and $('p').children('a')?</b><br><ul><li>`find() traverses only one level down, whereas children() selects anything inside the original element`</li><li>`$('p').find('a') finds all paragraphs inside links, whereas $('p').children('a') finds links within paragraph tags`</li><li>`.find() always searches the entire DOM tree, regardless of the original selection .children() searches only the immediate childern of an element`</li><li>`children() traverses only one level down, whereas find() selects anything inside the original element`</li></ul>","`children() traverses only one level down, whereas find() selects anything inside the original element`<br><br>[Source: https://api.jquery.com/find/](https://api.jquery.com/find/)<br>**Explanation**:`Given a jQuery object that represents a set of DOM elements, the .find() method allows us to search through the descendants of these elements in the DOM tree and construct a new jQuery object from the matching elements. The .find() and .children() methods are similar, except that the latter only travels a single level down the DOM tree.`<br>"
"<b> Consider the following markup, used to lay out three balls on the page, all hidden. How can you select the green ball, make it faded in over the course of three seconds, and log a console message when the animation has finished?</b><br><br>```html<br><div class=""balls""><br><div class=""ball ball--red"" style=""display: none""></div><br><div class=""ball ball--green"" style=""display: none""></div><br><div class=""ball ball--blue"" style=""display: none""></div><br></div><br>```<br><br><ul><li>A```JavaScript<br>$('.ball--green').fadeIn(3000, function(){<br>console.log(""Animation is done!"");<br>});<br>```<br></li><li>B```JavaScript<br>$('.ball--green').fade('in',3000).done(function(){<br>console.log(""Animation is done!"");<br>});<br>```<br></li><li>C```JavaScript<br>$('.ball--green').fadeIn(3).console().log(""Animation is done!"");<br>```<br></li><li>D```JavaScript<br>$('.ball--green').fadeIn(""3s"", function(){<br>console.log(""Animation is done!"");<br>});<br>```<br></li></ul>","A```JavaScript<br>$('.ball--green').fadeIn(3000, function(){<br>console.log(""Animation is done!"");<br>});<br>```<br><br><br>[Source: jQuery Docs: fadeIn](https://api.jquery.com/fadeIn/)<br>`Durations are given in milliseconds; higher values indicate slower animations, not faster ones. The strings 'fast' and 'slow' can be supplied to indicate durations of 200 and 600 milliseconds, respectively. If any other string is supplied, or if the duration parameter is omitted, the default duration of 400 milliseconds is used.`<br>"
"<b> Why might you use custom events instead of shared helper functions? For example</b><br><br>```JavaScript<br>$(document).on('myCustomEvent', function(){<br>// act on my custom event<br>});<br>//and later...<br>$(document).trigger('myCustomEvent');<br>```<br><br><ul><li>`Custom events are at least an order of magnitude faster than helper functions`</li><li>`Custom events can be listened for and acted upon across one or more scripts without needing to keep helper functions in scope`</li><li>`Handler functions for custom events are less likely to be mangled by minification and obfuscation build tools`</li><li>`It is easier to write documentation for custom events than it is for helper functions`</li></ul>","`Custom events can be listened for and acted upon across one or more scripts without needing to keep helper functions in scope`<br><br>[Source: learn.jquery.com](https://learn.jquery.com/events/introduction-to-custom-events/)<br>`Instead of focusing on the element that triggers an action, custom events put the spotlight on the element being acted upon. This brings a bevy of benefits, including: Behaviors of the target element can easily be triggered by different elements using the same code. Behaviors can be triggered across multiple, similar, target elements at once. Behaviors are more clearly associated with the target element in code, making code easier to read and maintain.`<br>"
"<b> In the HTML and JavaScript below, the animations will all fire at once. How can you make them fire in sequence instead?</b><br><br>```html<br><div id=""element-1"" class=""animel""></div><br><div id=""element-2"" class=""animel""></div><br><div id=""element-3"" class=""animel""></div><br>$('#element-1').animate({ top: '+=100' }); $('#element-2').animate({ top: '+=100' });<br>$('#element-3').animate({ top: '+=100' });<br>```<br><br><ul><li>A```JavaScript<br>$('#element-1').animate({ top: '+=100' })<br>.pushStack('#element-2')<br>.animate({ top: '+=100' })<br>.pushStack('#element-3').animate({ top: '+=100' })<br>```<br></li><li>B```JavaScript<br>$('#element-1').animate({ top: '+=100' }, function() {<br>$('#element-2').animate({ top: '+=100' }, function() {<br>$('#element-3').animate({ top: '+=100' });<br>})<br>});<br>```<br></li><li>C```JavaScript<br>$('#element-1').animate({ top: '+=100' })<br>.add('#element-2').animate({ top: '+=100' })<br>.add('#element-3').animate({ top: '+=100' })<br>```<br></li><li>D```JavaScript<br>$('#element-1').animate({ top: '+=100' }, {queue: 'custom'});<br>$('#element-2').animate({ top: '+=100' }, {queue: 'custom'});<br>$('#element-3').animate({ top: '+=100' }, {queue: 'custom'});<br>$('custom').dequeue();<br>```<br></li></ul>","B```JavaScript<br>$('#element-1').animate({ top: '+=100' }, function() {<br>$('#element-2').animate({ top: '+=100' }, function() {<br>$('#element-3').animate({ top: '+=100' });<br>})<br>});<br>```<br><br><br>[Source: jQuery Docs: animate](https://api.jquery.com/animate/)<br>`the .animate() method can take in a function to call once the animation is complete, called once per matched element. Which is called the complete option for the animate method`<br>"
"<b> Given this checkbox, how can you determine whether a user has selected or cleared the checkbox?</b><br><br>`<input type=""checkbox"" id=""same-address"" checked>`<br><br><ul><li>by checking the value of `$('#same-address').val()`</li><li>by checking the value of `$('#same-address').prop('checked')`</li><li>by checking the value of `$('#same-address').attr('checked')`</li><li>by checking the value of `$('#same-address').checked`</li></ul>",by checking the value of `$('#same-address').prop('checked')`
"<b> In some projects, jQuery is not included as a file with an obvious version number (if it has been run through a minifier or other code bundler, for example). How can you detect programmatically what version of jQuery is active?</b><br><ul><li>`jQuery.version()`</li><li>`jQuery.jquery`</li><li>`jQuery.prototype.version`</li><li>`jQuery.fn.jquery`</li></ul>",`jQuery.fn.jquery`
"<b> Given this snippet of HTML, how can you get the value of the text field using jQuery?</b><br><br>`<input type=""text"" class=""form-control"" id=""firstName"" placeholder="""" value="""" required="""">`<br><br><ul><li>`$('input[type=text]').val()`</li><li>`$('.form-control').val()`</li><li>`all of these answers`</li><li>`$('#firstName').val()``all the listed selectors will target the text field since it has a type=text, a class=form-control, and an id=firstName`<br></li></ul>",`all of these answers`
<b> Which property of the jQuery event object references the DOM object that dispatched an event?</b><br><ul><li>target</li><li>self</li><li>source</li><li>object</li></ul>,target<br><br>[Source: jQuery Docs: event.target](https://api.jquery.com/event.target/)<br>`The target property can be the element that registered for the event or a descendant of it. It is often useful to compare event.target to this in order to determine if the event is being handled due to event bubbling.`<br>
"<b> You want to write a plugin that creates a new traversal function—such as parent() and children()—and behaves like the ones jQuery includes out of the box. It needs to correctly modify the list of selections jQuery tracks internally, build up a list of additional items, and return the merged collection. What do you need to return on the last line of the function in order for this plugin to work correctly?</b><br><br>```JavaScript<br>$.fn.myTraverse = function() {<br>// ... setup<br>var additionalItems = [ /* some additional items for jQuery */ ];<br>return // return what?<br>}<br>```<br><br><ul><li>`return this.append(additionalItems);`</li><li>`return additionalItems.appendTo(this);`</li><li>`return this.pushStack(additionalItems);`</li><li>`return this.add(additionalItems);`</li></ul>","`return this.pushStack(additionalItems);`<br><br>[Source: jQuery Docs](https://api.jquery.com/pushStack/)<br>`When you call pushStack() off of the current collection, it will take the given collection and associate it to the current collection such that calling the end() method (after the plugin exits) will return the programmer to the current collection.`<br>[Extra Reading: bennadel.com](https://www.bennadel.com/blog/1739-using-pushstack-in-jquery-plugins-to-create-new-collections.htm)<br>"
"<b> Given this snippet of HTML and jQuery code, what will the result look like?</b><br><br>```html<br><ul class=""items""><br><li class=""active"">Item 1</li><br><li>Item 2</li><br><li><br>Item 3<br><ul><br><li>Sub Item 1</li><br><li>Sub Item 2</li><br></ul><br></li><br></ul><br>```<br>`$('.items').find('.active').nextAll().addClass('after-active');`<br><br><ul><li>A```html<br><ul class=""items""><br><li class=""active"">Item 1</li><br><li class=""after-active"">Item 2</li><br><li class=""after-active""><br>Item 3<br><ul><br><li>Sub Item 1</li><br><li>Sub Item 2</li><br></ul><br></li><br></ul><br>```<br></li><li>B```html<br><ul class=""items""><br><li class=""active"">Item 1</li><br><li class=""after-active"">Item 2</li><br><li class=""after-active""><br>Item 3<br><ul class=""after-active""><br><li>Sub Item 1</li><br><li>Sub Item 2</li><br></ul><br></li><br></ul><br>```<br></li><li>C```html<br><ul class=""items""><br><li class=""active"">Item 1</li><br><li class=""after-active"">Item 2</li><br><li class=""after-active""><br>Item 3<br><ul><br><li class=""after-active"">Sub Item 1</li><br><li class=""after-active"">Sub Item 2</li><br></ul><br></li><br></ul><br>```<br></li><li>D```html<br><ul class=""items""><br><li class=""active"">Item 1</li><br><li class=""after-active"">Item 2</li><br><li class=""after-active""><br>Item 3<br><ul class=""after-active""><br><li class=""after-active"">Sub Item 1</li><br><li class=""after-active"">Sub Item 2</li><br></ul><br></li><br></ul><br>```<br></li></ul>","A```html<br><ul class=""items""><br><li class=""active"">Item 1</li><br><li class=""after-active"">Item 2</li><br><li class=""after-active""><br>Item 3<br><ul><br><li>Sub Item 1</li><br><li>Sub Item 2</li><br></ul><br></li><br></ul><br>```<br><br><br>[Source: jQuery Docs](https://api.jquery.com/nextall/)<br>**.nextAll([selector]) method**<br>`Gets all following siblings of each element in the set of matched elements, optionally filtered by a selector.`<br>"
"<b> You have an element with a series of code (not CSS) animations applied to it that could be triggered by code you control, or other code elsewhere (such as plugins). How can you fire some code when all those animations have completed?</b><br><ul><li>A```js<br>$('#element').on('animationend', function () {<br>console.log('Finally, everything is done!');<br>});<br>```<br></li><li>B```js<br>$('#element')<br>.on('promise')<br>.then(function () {<br>console.log('Finally, everything is done!');<br>});<br>```<br></li><li>C```js<br>$('#element')<br>.promise()<br>.catch(function () {<br>console.log('Finally, everything is done!');<br>});<br>```<br></li><li>D```js<br>$('#element')<br>.promise()<br>.then(function () {<br>console.log('Finally, everything is done!');<br>});<br>```<br>1. [Source: HTMLElement: animationend event | MDN ](https://developer.mozilla.org/en-US/docs/Web/API/HTMLElement/animationend_event)<br>2. [Example: Stackoverflow](https://stackoverflow.com/questions/49580666/check-if-an-css-animation-is-completed-with-jquery-or-js)<br></li></ul>",No answer found
"<b> HTML</b><br><br>```html<br><div class=""quotes""><br><blockquote data-favorite=""false"">A quote</blockquote><br><blockquote data-favorite=""false"">A favorite quote</blockquote><br><blockquote data-favorite=""false"">A quote</blockquote><br><blockquote data-favorite=""false"">A quote</blockquote><br></div><br>```<br><br><ul><li>`$('blockquote'):second().attr('favorite', true);`</li><li>`$('blockquote:nth-child(2)').data('favorite', true);`</li><li>`$('blockquote').second().data('favorite', true);`</li><li>`$('blockquote:nth-child(2)').attr('favorite', true);`1. [Source: .data() | jQuery API Documentation](https://api.jquery.com/data/)<br>2. [Source: :nth-child() | MDN Docs](https://developer.mozilla.org/en-US/docs/Web/CSS/:nth-child)<br></li></ul>","`$('blockquote:nth-child(2)').data('favorite', true);`"
"<b> jQuery can create event handlers that execute exactly once. How is this done?</b><br><ul><li>`$('button').click(function() { console.log('this will only happen once'); }, false);`</li><li>`$('button').on('click', function() { console.log('this will only happen once'); }).off('click');`</li><li>`$('button').once('click', function() { console.log('this will only happen once'); });`</li><li>`$('button').one('click', function() { console.log('this will only happen once'); });`</li></ul>","`$('button').one('click', function() { console.log('this will only happen once'); });`<br><br>[Source: .one() | jQuery API Documentation](https://api.jquery.com/one/)<br>"
"<b> You want to implement the behavior of an effect like `slideDown()` manually using `animate()`. What is one critical point you need to remember?</b><br><ul><li>`slideDown()` requires animating the background color; doing so with `animate()` requires the jQuery Color plugin.</li><li>`slideDown()` includes toggling visibility automatically. `animate()` does not automatically set any properties.</li><li>`slideDown()` requires the element to have a height set in pixels. `animate()` does not.</li><li>Effects created with `animate()` must be run over at least 100 milliseconds, where `slideDown()` can run as quickly as 50ms.</li></ul>",`slideDown()` includes toggling visibility automatically. `animate()` does not automatically set any properties.<br><br>[Source: .slideDown() | jQuery API Documentation](https://api.jquery.com/slidedown/)<br>[Source: .animate() | jQuery API Documentation](https://api.jquery.com/animate/)\<br>
"<b> What is the main difference between the `contents()` and `children()` functions?</b><br><ul><li>They both return the content of selected nodes, but `children()` also includes text and comment nodes.</li><li>The `contents()` function only includes text nodes of the selected elements.</li><li>The `children()` function only includes text nodes of the selected elements.</li><li>They both return the content of selected nodes, but `contents()` also includes text and comment nodes.1. [Source: .children() | jQuery API Documentation](https://api.jquery.com/children/)<br>2. [Source: .contents() | jQuery API Documentation](https://api.jquery.com/contents/)<br></li></ul>","They both return the content of selected nodes, but `contents()` also includes text and comment nodes.1. [Source: .children() | jQuery API Documentation](https://api.jquery.com/children/)<br>2. [Source: .contents() | jQuery API Documentation](https://api.jquery.com/contents/)<br>"
"<b> If your JavaScript project involves a lot of DOM manipulation, but no AJAX or animation, which version of jQuery should you use?</b><br><ul><li>jQuery 3 compressed</li><li>jQuery 3 slim</li><li>jQuery 2</li><li>None of these - jQuery requires AJAX</li></ul>",None of these - jQuery requires AJAX
"<b> The `.ready()` function is one of the most basic parts of jQuery, but jQuery also provides a mechanism for executing code when both one or more Promises have resolved and the DOM is ready. Which code snippet accomplishes this?</b><br><ul><li>A```js<br>$(function({<br>getData : $.get('http://httpbin.org/get'),<br>delayedData : $.get('http://httpbin.org/delay/3')<br>})  {<br>//DOM is ready, getData and delayedData are available<br>});<br>```<br></li><li>B```js<br>$($.get('http://httpbin.org/get'), $.get('http://httpbin.org/delay/3')).then(function (<br>getData,<br>delayedData,<br>) {<br>//DOM is ready, getData and delayedData are available<br>});<br>```<br></li><li>C```js<br>$.when($.get('http://httpbin.org/get'), $.get('http://httpbin.org/delay/3')).then(function (<br>getData,<br>delayedData,<br>) {<br>//DOM is ready, getData and delayedData are available<br>});<br>```<br></li><li>D```js<br>$.ready($.get('http://httpbin.org/get'), $.get('http://httpbin.org/delay/3')).then(function (<br>getData,<br>delayedData,<br>) {<br>//DOM is ready, getData and delayedData are available<br>});<br>```<br></li></ul>","D```js<br>$.ready($.get('http://httpbin.org/get'), $.get('http://httpbin.org/delay/3')).then(function (<br>getData,<br>delayedData,<br>) {<br>//DOM is ready, getData and delayedData are available<br>});<br>```<br>"
"<b> You want to take an element and any event handlers that go with it out of the DOM to do some work—without the changes affecting the rest of the page—and then move it somewhere else in the DOM, like right after the opening tag. What should go on the first line of this code snippet?</b><br><br>```js<br>// what goes here?<br>// ... do some other hidden work on $example<br>$example.prependTo(document.body);<br>```<br><br><ul><li>`var $example = $('#example').remove();`</li><li>`var $example = $('#example').clone();`</li><li>`var $example = $('#example').detach();`</li><li>`var $example = $('#example').addBack().empty();`https://api.jquery.com/detach/<br></li></ul>",`var $example = $('#example').detach();`
"<b> Review the HTML below. You want to select the first item in the list and fade it out, then select the subsequent items up to (but not including) the active item, and fade them out halfway. How can you set up a single chain to do this?</b><br><br>```html<br><ul class=""items""><br><li>Item 1</li><br><li>Item 2</li><br><li>Item 3</li><br><li class=""active"">Item 4</li><br><li>Item 5</li><br><li>Item 6</li><br></ul><br>```<br><br><ul><li>A```js<br>$('.items > li').first().fadeOut().nextUntil('.active').fadeTo('fast', 0.5);<br>```<br></li><li>B```js<br>$('.items').children(':first-child').fadeOut().filter('.active').fadeTo('fast', 0.5);<br>```<br></li><li>C```js<br>$('.items > li').first().fadeOut().nextAll('.active').fadeOut(50);<br>```<br></li><li>D```js<br>$('.items').find('li:first-child').fadeOut().next('.active').fadeTo('fast', 0.5);<br>```<br>1. https://api.jquery.com/fadeTo/<br>2. https://api.jquery.com/fadeOut/<br>3. https://api.jquery.com/nextUntil/<br></li></ul>","A```js<br>$('.items > li').first().fadeOut().nextUntil('.active').fadeTo('fast', 0.5);<br>```<br>"
"<b> What is a particular performance concern when dealing with event handlers, and how can you cope with it?</b><br><ul><li>Finding which element an event occurred on is expensive. Assign most events to document.body and use .is() to act on the element of interest.</li><li>Some events, such as mousemove and scroll, happen a lot on a typical page. Debounce or throttle their handlers to make sure the handlers are not called more than you actually need.</li><li>Listening for an event that does not exist can create serious memory leaks. Be careful to spell event names correctly to avoid consuming too much memory.</li><li>DOM elements with an ID wil fire events more efficiently than with classes. Always use IDs instead of classes where possible.</li></ul>","Some events, such as mousemove and scroll, happen a lot on a typical page. Debounce or throttle their handlers to make sure the handlers are not called more than you actually need."
"<b> What is the purpose of the jQuery.fx.off global property?</b><br><ul><li>It turns off animations that are used to provide motion effect, but appearance effects remain enabled.</li><li>It causes animation effects that are triggered via functions to instead be executed using CSS.</li><li>It globally disables all animations. When animations are run, all animation methods will immediately set elements to their final state when called, rather than displaying an effect.</li><li>It globally disables animations that are triggered by CSS class changes.</li></ul>","It globally disables all animations. When animations are run, all animation methods will immediately set elements to their final state when called, rather than displaying an effect.<br><br>[Source: jQuery.fx.off Property](https://www.w3schools.com/jquery/prop_jquery_fx_off.asp)<br>"
